date,temperature_2m,relative_humidity_2m,apparent_temperature,precipitation,snowfall,snow_depth,wind_speed_10m,wind_direction_10m,weather_code,cloud_cover,station,latitude,longitude
2025-01-01 04:00:00+00:00,7.55,94.02451,4.1792536,3.7,0.0,0.0,17.280937,90.596794,63.0,100.0,central_park,40.7829,-73.9654
2025-01-01 05:00:00+00:00,8.25,96.00224,5.4600735,0.9,0.0,0.0,14.949756,92.069984,53.0,100.0,central_park,40.7829,-73.9654
2025-01-01 06:00:00+00:00,8.65,96.669014,7.028961,0.0,0.0,0.0,7.7983837,108.85326,3.0,100.0,central_park,40.7829,-73.9654
2025-01-01 07:00:00+00:00,8.9,98.658295,7.2818327,0.0,0.0,0.0,8.759178,170.53775,3.0,100.0,central_park,40.7829,-73.9654
2025-01-01 08:00:00+00:00,8.9,98.32536,7.264064,0.0,0.0,0.0,8.790563,222.5104,3.0,100.0,central_park,40.7829,-73.9654
2025-01-01 09:00:00+00:00,8.35,98.65245,6.4100933,0.0,0.0,0.0,9.984729,242.04912,3.0,100.0,central_park,40.7829,-73.9654
2025-01-01 10:00:00+00:00,8.05,96.65332,5.283575,0.0,0.0,0.0,14.618837,260.07382,1.0,38.0,central_park,40.7829,-73.9654
2025-01-01 11:00:00+00:00,6.6,96.2821,3.590229,0.0,0.0,0.0,13.861168,269.25595,1.0,21.0,central_park,40.7829,-73.9654
2025-01-01 12:00:00+00:00,5.35,95.91019,2.2378778,0.0,0.0,0.0,12.632101,265.91446,0.0,11.0,central_park,40.7829,-73.9654
2025-01-01 13:00:00+00:00,7.0,96.29377,4.3071127,0.0,0.0,0.0,12.313893,254.74483,0.0,18.0,central_park,40.7829,-73.9654
2025-01-01 14:00:00+00:00,8.0,91.50087,5.3753643,0.0,0.0,0.0,12.245293,245.69547,0.0,5.0,central_park,40.7829,-73.9654
2025-01-01 15:00:00+00:00,9.35,88.22122,6.988968,0.0,0.0,0.0,11.755254,244.61214,0.0,8.0,central_park,40.7829,-73.9654
2025-01-01 16:00:00+00:00,10.35,76.25074,7.1804256,0.0,0.0,0.0,15.426535,258.559,1.0,29.0,central_park,40.7829,-73.9654
2025-01-01 17:00:00+00:00,10.95,69.08586,7.5467577,0.0,0.0,0.0,15.726067,264.74628,2.0,50.0,central_park,40.7829,-73.9654
2025-01-01 18:00:00+00:00,10.65,67.12895,6.5438204,0.0,0.0,0.0,19.523155,264.71002,3.0,100.0,central_park,40.7829,-73.9654
2025-01-01 19:00:00+00:00,8.4,70.77631,3.5497055,0.0,0.0,0.0,22.707127,277.74463,3.0,100.0,central_park,40.7829,-73.9654
2025-01-01 20:00:00+00:00,6.5,69.89684,1.229918,0.0,0.0,0.0,23.120018,286.74203,2.0,75.0,central_park,40.7829,-73.9654
2025-01-01 21:00:00+00:00,5.65,71.24846,0.45098686,0.1,0.0,0.0,22.007162,285.17297,51.0,75.0,central_park,40.7829,-73.9654
2025-01-01 22:00:00+00:00,5.1,71.39803,0.017835617,0.1,0.0,0.0,20.656126,282.58295,51.0,33.0,central_park,40.7829,-73.9654
2025-01-01 23:00:00+00:00,4.8,66.8174,-0.4275608,0.0,0.0,0.0,20.404411,281.70642,0.0,1.0,central_park,40.7829,-73.9654
2025-01-02 00:00:00+00:00,4.55,62.953804,-0.83205914,0.0,0.0,0.0,20.44803,279.62808,0.0,7.0,central_park,40.7829,-73.9654
2025-01-02 01:00:00+00:00,5.05,58.377094,-0.48722482,0.0,0.0,0.0,21.007626,282.36905,0.0,5.0,central_park,40.7829,-73.9654
2025-01-02 02:00:00+00:00,4.45,54.439022,-1.3125927,0.0,0.0,0.0,21.265154,285.21265,0.0,1.0,central_park,40.7829,-73.9654
2025-01-02 03:00:00+00:00,3.8,53.44945,-1.8127978,0.0,0.0,0.0,19.562946,282.75754,0.0,0.0,central_park,40.7829,-73.9654
2025-01-02 04:00:00+00:00,3.4,56.445717,-2.0487046,0.0,0.0,0.0,18.710478,277.74023,0.0,5.0,central_park,40.7829,-73.9654
2025-01-02 05:00:00+00:00,3.05,59.623512,-2.304188,0.0,0.0,0.0,18.382044,272.8063,0.0,0.0,central_park,40.7829,-73.9654
2025-01-02 06:00:00+00:00,2.6,58.178303,-2.968903,0.0,0.0,0.0,19.26084,270.53543,0.0,0.0,central_park,40.7829,-73.9654
2025-01-02 07:00:00+00:00,2.15,61.213356,-3.3381257,0.0,0.0,0.0,18.900856,270.54565,0.0,0.0,central_park,40.7829,-73.9654
2025-01-02 08:00:00+00:00,1.85,64.932274,-3.4224145,0.0,0.0,0.0,17.82,270.0,0.0,2.0,central_park,40.7829,-73.9654
2025-01-02 09:00:00+00:00,1.7,66.374176,-3.4780552,0.0,0.0,0.0,17.294992,267.6141,1.0,31.0,central_park,40.7829,-73.9654
2025-01-02 10:00:00+00:00,1.4,65.31741,-3.8316307,0.0,0.0,0.0,17.259363,262.208,0.0,12.0,central_park,40.7829,-73.9654
2025-01-02 11:00:00+00:00,0.85,65.190384,-4.5913134,0.0,0.0,0.0,18.268892,264.34567,0.0,3.0,central_park,40.7829,-73.9654
2025-01-02 12:00:00+00:00,0.5,65.35638,-4.806178,0.0,0.0,0.0,17.11515,267.58902,0.0,17.0,central_park,40.7829,-73.9654
2025-01-02 13:00:00+00:00,2.05,59.818676,-3.3828208,0.0,0.0,0.0,18.212051,266.60034,0.0,0.0,central_park,40.7829,-73.9654
2025-01-02 14:00:00+00:00,3.0,58.72222,-2.328319,0.0,0.0,0.0,18.0036,271.14572,0.0,3.0,central_park,40.7829,-73.9654
2025-01-02 15:00:00+00:00,4.0,55.554348,-1.3336132,0.0,0.0,0.0,18.201374,261.46933,0.0,13.0,central_park,40.7829,-73.9654
2025-01-02 16:00:00+00:00,4.7,49.9948,-1.5735614,0.0,0.0,0.0,24.056108,283.41235,0.0,9.0,central_park,40.7829,-73.9654
2025-01-02 17:00:00+00:00,5.0,46.432472,-1.5861881,0.0,0.0,0.0,25.674461,282.9645,2.0,50.0,central_park,40.7829,-73.9654
2025-01-02 18:00:00+00:00,5.25,43.760952,-1.0893593,0.0,0.0,0.0,23.58618,280.10922,2.0,62.0,central_park,40.7829,-73.9654
2025-01-02 19:00:00+00:00,5.35,40.09789,-1.2587752,0.0,0.0,0.0,24.717743,277.95297,2.0,61.0,central_park,40.7829,-73.9654
2025-01-02 20:00:00+00:00,4.6,43.734127,-1.22207,0.0,0.0,0.0,19.623302,271.05115,3.0,97.0,central_park,40.7829,-73.9654
2025-01-02 21:00:00+00:00,3.5,46.167236,-2.5352705,0.0,0.0,0.0,20.883104,270.98773,3.0,90.0,central_park,40.7829,-73.9654
2025-01-02 22:00:00+00:00,2.25,50.24783,-3.581747,0.0,0.0,0.0,19.45333,272.12103,1.0,25.0,central_park,40.7829,-73.9654
2025-01-02 23:00:00+00:00,1.75,52.474426,-3.8896801,0.0,0.0,0.0,18.202265,272.83405,2.0,74.0,central_park,40.7829,-73.9654
2025-01-03 00:00:00+00:00,1.4,53.599422,-4.188835,0.0,0.0,0.0,17.82,270.0,1.0,34.0,central_park,40.7829,-73.9654
2025-01-03 01:00:00+00:00,1.65,52.044235,-4.2987204,0.0,0.0,0.0,20.188908,266.93356,2.0,70.0,central_park,40.7829,-73.9654
2025-01-03 02:00:00+00:00,1.35,53.37977,-4.43336,0.0,0.0,0.0,19.087639,268.37888,2.0,58.0,central_park,40.7829,-73.9654
2025-01-03 03:00:00+00:00,0.75,57.032726,-4.557518,0.0,0.0,0.0,16.024044,268.7127,1.0,30.0,central_park,40.7829,-73.9654
2025-01-03 04:00:00+00:00,0.25,60.2742,-4.822416,0.0,0.0,0.0,14.581113,270.7073,0.0,13.0,central_park,40.7829,-73.9654
2025-01-03 05:00:00+00:00,-0.15,59.71139,-5.458892,0.0,0.0,0.0,15.865546,273.2519,0.0,5.0,central_park,40.7829,-73.9654
2025-01-03 06:00:00+00:00,-0.6,57.111958,-6.21521,0.0,0.0,0.0,17.325876,274.17035,0.0,2.0,central_park,40.7829,-73.9654
2025-01-03 07:00:00+00:00,-0.85,56.602947,-6.4919033,0.0,0.0,0.0,17.294992,272.3859,0.0,5.0,central_park,40.7829,-73.9654
2025-01-03 08:00:00+00:00,-1.0,57.898144,-6.4965305,0.0,0.0,0.0,16.388899,268.11185,0.0,6.0,central_park,40.7829,-73.9654
2025-01-03 09:00:00+00:00,-1.25,58.967358,-6.6140265,0.0,0.0,0.0,15.4800005,270.0,0.0,6.0,central_park,40.7829,-73.9654
2025-01-03 10:00:00+00:00,-1.4,60.08431,-6.4941907,0.0,0.0,0.0,13.690654,267.73953,0.0,0.0,central_park,40.7829,-73.9654
2025-01-03 11:00:00+00:00,-1.55,62.420437,-6.4319687,0.0,0.0,0.0,12.452566,265.85544,0.0,3.0,central_park,40.7829,-73.9654
2025-01-03 12:00:00+00:00,-1.75,64.83129,-6.4567027,0.0,0.0,0.0,11.440978,257.27563,0.0,7.0,central_park,40.7829,-73.9654
2025-01-03 13:00:00+00:00,-0.45,62.450733,-4.977345,0.0,0.0,0.0,10.706595,253.39293,0.0,14.0,central_park,40.7829,-73.9654
2025-01-03 14:00:00+00:00,0.55,58.53106,-4.1823936,0.0,0.0,0.0,12.181625,251.0295,0.0,0.0,central_park,40.7829,-73.9654
2025-01-03 15:00:00+00:00,1.35,55.89552,-3.6100261,0.0,0.0,0.0,13.845967,243.76811,0.0,0.0,central_park,40.7829,-73.9654
2025-01-03 16:00:00+00:00,2.2,50.427055,-3.404276,0.0,0.0,0.0,17.893484,264.80566,1.0,31.0,central_park,40.7829,-73.9654
2025-01-03 17:00:00+00:00,2.45,51.279274,-2.812594,0.0,0.0,0.0,15.85329,257.54175,2.0,61.0,central_park,40.7829,-73.9654
2025-01-03 18:00:00+00:00,3.0,48.940987,-2.3301437,0.0,0.0,0.0,16.248924,265.5527,2.0,73.0,central_park,40.7829,-73.9654
2025-01-03 19:00:00+00:00,3.1,49.15792,-2.1389725,0.0,0.0,0.0,15.726067,264.74628,1.0,48.0,central_park,40.7829,-73.9654
2025-01-03 20:00:00+00:00,3.25,46.98869,-2.0647123,0.0,0.0,0.0,15.941944,263.51703,3.0,94.0,central_park,40.7829,-73.9654
2025-01-03 21:00:00+00:00,3.0,51.829,-1.413239,0.0,0.0,0.0,10.483357,254.05453,3.0,94.0,central_park,40.7829,-73.9654
2025-01-03 22:00:00+00:00,2.2,57.20029,-2.1076555,0.0,0.0,0.0,10.158444,262.8751,3.0,94.0,central_park,40.7829,-73.9654
2025-01-03 23:00:00+00:00,1.5,59.90529,-2.8428578,0.0,0.0,0.0,10.3621235,287.176,3.0,100.0,central_park,40.7829,-73.9654
2025-01-04 00:00:00+00:00,0.8,62.75613,-3.4264722,0.0,0.0,0.0,9.526405,292.20352,3.0,100.0,central_park,40.7829,-73.9654
2025-01-04 01:00:00+00:00,-0.7,67.35336,-4.877532,0.0,0.0,0.0,8.827344,267.66275,1.0,30.0,central_park,40.7829,-73.9654
2025-01-04 02:00:00+00:00,-1.1,67.007515,-5.5139475,0.0,0.0,0.0,10.132897,282.30798,3.0,96.0,central_park,40.7829,-73.9654
2025-01-04 03:00:00+00:00,-1.35,65.931465,-5.8092513,0.0,0.0,0.0,10.137692,286.50443,0.0,2.0,central_park,40.7829,-73.9654
2025-01-04 04:00:00+00:00,-1.5,65.140564,-6.2097964,0.0,0.0,0.0,11.656998,283.39252,0.0,0.0,central_park,40.7829,-73.9654
2025-01-04 05:00:00+00:00,-1.7,62.625565,-6.7352877,0.0,0.0,0.0,13.441071,290.37653,0.0,0.0,central_park,40.7829,-73.9654
2025-01-04 06:00:00+00:00,-1.7,57.71178,-7.0050387,0.0,0.0,0.0,14.658676,294.67685,0.0,15.0,central_park,40.7829,-73.9654
2025-01-04 07:00:00+00:00,-1.95,58.554455,-7.2230597,0.0,0.0,0.0,14.410121,290.47235,3.0,100.0,central_park,40.7829,-73.9654
2025-01-04 08:00:00+00:00,-1.6,58.646687,-6.892539,0.0,0.0,0.0,14.74902,293.7495,3.0,100.0,central_park,40.7829,-73.9654
2025-01-04 09:00:00+00:00,-1.3,54.10075,-6.819808,0.0,0.0,0.0,15.874734,299.1807,2.0,69.0,central_park,40.7829,-73.9654
2025-01-04 10:00:00+00:00,-1.8,47.1482,-7.7068467,0.0,0.0,0.0,17.381886,301.87955,2.0,67.0,central_park,40.7829,-73.9654
2025-01-04 11:00:00+00:00,-2.2,49.736893,-8.133415,0.0,0.0,0.0,17.709658,296.56497,0.0,10.0,central_park,40.7829,-73.9654
2025-01-04 12:00:00+00:00,-2.4,50.881645,-8.37331,0.0,0.0,0.0,18.03237,296.05344,0.0,17.0,central_park,40.7829,-73.9654
2025-01-04 13:00:00+00:00,-1.5,54.471077,-7.043145,0.0,0.0,0.0,15.978486,284.34937,1.0,36.0,central_park,40.7829,-73.9654
2025-01-04 14:00:00+00:00,-0.7,54.90705,-6.537198,0.0,0.0,0.0,18.484869,292.3195,2.0,68.0,central_park,40.7829,-73.9654
2025-01-04 15:00:00+00:00,-0.25,47.6111,-6.863118,0.0,0.0,0.0,23.015377,303.19293,2.0,78.0,central_park,40.7829,-73.9654
2025-01-04 16:00:00+00:00,-0.1,46.90977,-6.4833584,0.0,0.0,0.0,21.413193,296.99576,3.0,100.0,central_park,40.7829,-73.9654
2025-01-04 17:00:00+00:00,-0.45,46.620174,-7.022809,0.0,0.0,0.0,22.50072,293.07825,3.0,100.0,central_park,40.7829,-73.9654
2025-01-04 18:00:00+00:00,-0.3,40.91623,-7.3858104,0.0,0.0,0.0,25.277666,297.11237,2.0,60.0,central_park,40.7829,-73.9654
2025-01-04 19:00:00+00:00,-0.25,39.796818,-7.0892954,0.0,0.0,0.0,23.44841,294.00714,1.0,39.0,central_park,40.7829,-73.9654
2025-01-04 20:00:00+00:00,-0.5,40.85442,-7.4618626,0.0,0.0,0.0,24.334642,291.25058,3.0,97.0,central_park,40.7829,-73.9654
2025-01-04 21:00:00+00:00,-1.1,43.724087,-7.2579694,0.0,0.0,0.0,18.961613,289.9832,2.0,65.0,central_park,40.7829,-73.9654
2025-01-04 22:00:00+00:00,-1.65,44.799194,-7.605951,0.0,0.0,0.0,17.482254,286.75583,3.0,84.0,central_park,40.7829,-73.9654
2025-01-04 23:00:00+00:00,-1.75,45.12988,-7.525668,0.0,0.0,0.0,16.245934,279.56662,2.0,70.0,central_park,40.7829,-73.9654
2025-01-05 00:00:00+00:00,-1.95,46.35418,-7.7112575,0.0,0.0,0.0,16.21699,278.93948,1.0,30.0,central_park,40.7829,-73.9654
2025-01-05 01:00:00+00:00,-1.8,45.844894,-7.4806123,0.0,0.0,0.0,15.664136,271.31686,0.0,8.0,central_park,40.7829,-73.9654
2025-01-05 02:00:00+00:00,-2.15,47.04305,-7.9111404,0.0,0.0,0.0,16.215992,272.54474,0.0,12.0,central_park,40.7829,-73.9654
2025-01-05 03:00:00+00:00,-2.35,47.93515,-8.110651,0.0,0.0,0.0,16.23596,273.814,0.0,1.0,central_park,40.7829,-73.9654
2025-01-05 04:00:00+00:00,-2.75,49.574818,-8.373244,0.0,0.0,0.0,15.316933,272.6942,1.0,23.0,central_park,40.7829,-73.9654
2025-01-05 05:00:00+00:00,-3.05,49.48616,-8.615097,0.0,0.0,0.0,14.77755,272.79263,1.0,35.0,central_park,40.7829,-73.9654
2025-01-05 06:00:00+00:00,-3.25,49.22839,-8.967921,0.0,0.0,0.0,15.710607,274.6,1.0,23.0,central_park,40.7829,-73.9654
2025-01-05 07:00:00+00:00,-3.45,50.371803,-8.919184,0.0,0.0,0.0,14.050382,272.20255,0.0,16.0,central_park,40.7829,-73.9654
2025-01-05 08:00:00+00:00,-3.45,51.808216,-8.8458185,0.0,0.0,0.0,13.709573,273.76395,0.0,7.0,central_park,40.7829,-73.9654
2025-01-05 09:00:00+00:00,-3.5,53.054104,-8.723482,0.0,0.0,0.0,12.6462,274.89902,0.0,10.0,central_park,40.7829,-73.9654
2025-01-05 10:00:00+00:00,-3.4,53.295296,-8.725532,0.0,0.0,0.0,13.418153,276.93427,0.0,15.0,central_park,40.7829,-73.9654
2025-01-05 11:00:00+00:00,-3.2,51.673306,-8.500542,0.0,0.0,0.0,13.151091,272.35324,1.0,44.0,central_park,40.7829,-73.9654
2025-01-05 12:00:00+00:00,-3.2,50.85165,-8.543395,0.0,0.0,0.0,13.350371,266.1346,3.0,90.0,central_park,40.7829,-73.9654
2025-01-05 13:00:00+00:00,-2.9,56.71357,-8.107123,0.0,0.0,0.0,13.238261,258.23172,2.0,74.0,central_park,40.7829,-73.9654
2025-01-05 14:00:00+00:00,-2.25,56.22245,-7.506457,0.0,0.0,0.0,13.845967,243.76811,3.0,97.0,central_park,40.7829,-73.9654
2025-01-05 15:00:00+00:00,-1.45,52.383347,-7.2907357,0.0,0.0,0.0,17.771753,276.98096,3.0,100.0,central_park,40.7829,-73.9654
2025-01-05 16:00:00+00:00,-0.8,51.344887,-6.679343,0.0,0.0,0.0,18.228943,279.09018,3.0,100.0,central_park,40.7829,-73.9654
2025-01-05 17:00:00+00:00,-0.45,50.24857,-6.367542,0.0,0.0,0.0,18.519016,285.79248,3.0,100.0,central_park,40.7829,-73.9654
2025-01-05 18:00:00+00:00,-0.2,48.764885,-6.25614,0.0,0.0,0.0,19.386593,291.80148,2.0,69.0,central_park,40.7829,-73.9654
2025-01-05 19:00:00+00:00,0.3,45.390118,-5.6997414,0.0,0.0,0.0,18.75631,296.81088,0.0,1.0,central_park,40.7829,-73.9654
2025-01-05 20:00:00+00:00,0.0,44.410793,-5.869448,0.0,0.0,0.0,17.574675,302.87625,0.0,8.0,central_park,40.7829,-73.9654
2025-01-05 21:00:00+00:00,-0.8,47.259617,-6.25933,0.0,0.0,0.0,14.787414,301.56177,1.0,33.0,central_park,40.7829,-73.9654
2025-01-05 22:00:00+00:00,-1.7,51.287643,-6.9019246,0.0,0.0,0.0,13.125196,295.15927,0.0,10.0,central_park,40.7829,-73.9654
2025-01-05 23:00:00+00:00,-2.0,54.331463,-7.0135612,0.0,0.0,0.0,12.072083,290.05618,2.0,77.0,central_park,40.7829,-73.9654
2025-01-06 00:00:00+00:00,-2.1,55.60321,-7.2797275,0.0,0.0,0.0,13.32,288.92474,2.0,67.0,central_park,40.7829,-73.9654
2025-01-06 01:00:00+00:00,-1.95,56.083614,-6.9815702,0.0,0.0,0.0,12.442153,284.2373,3.0,97.0,central_park,40.7829,-73.9654
2025-01-06 02:00:00+00:00,-2.15,59.192665,-7.0133996,0.0,0.0,0.0,11.571914,285.33334,3.0,100.0,central_park,40.7829,-73.9654
2025-01-06 03:00:00+00:00,-2.25,61.284363,-6.968664,0.0,0.0,0.0,10.783487,284.5002,3.0,100.0,central_park,40.7829,-73.9654
2025-01-06 04:00:00+00:00,-2.4,63.680237,-6.9449534,0.0,0.0,0.0,9.801326,277.38596,3.0,100.0,central_park,40.7829,-73.9654
2025-01-06 05:00:00+00:00,-2.55,65.65404,-7.012408,0.0,0.0,0.0,9.3876505,274.39862,3.0,100.0,central_park,40.7829,-73.9654
2025-01-06 06:00:00+00:00,-2.5,66.950165,-6.9472156,0.0,0.0,0.0,9.47012,278.74606,3.0,100.0,central_park,40.7829,-73.9654
2025-01-06 07:00:00+00:00,-2.4,67.49251,-6.703847,0.0,0.0,0.0,8.613709,280.84027,3.0,100.0,central_park,40.7829,-73.9654
2025-01-06 08:00:00+00:00,-2.4,68.80768,-6.5792527,0.0,0.0,0.0,7.92,270.0,3.0,100.0,central_park,40.7829,-73.9654
2025-01-06 09:00:00+00:00,-2.35,70.42629,-6.113241,0.0,0.0,0.0,5.297018,279.78235,3.0,100.0,central_park,40.7829,-73.9654
2025-01-06 10:00:00+00:00,-2.15,73.49893,-5.646094,0.0,0.0,0.0,3.9763298,264.80566,3.0,100.0,central_park,40.7829,-73.9654
2025-01-06 11:00:00+00:00,-2.05,75.50552,-5.392856,0.0,0.0,0.0,3.244996,236.3099,3.0,100.0,central_park,40.7829,-73.9654
2025-01-06 12:00:00+00:00,-2.05,77.54082,-5.32944,0.0,0.0,0.0,3.0652893,229.76372,3.0,100.0,central_park,40.7829,-73.9654
2025-01-06 13:00:00+00:00,-2.05,79.02431,-5.4133806,0.1,0.07,0.0,3.8268526,228.81418,71.0,100.0,central_park,40.7829,-73.9654
2025-01-06 14:00:00+00:00,-1.95,79.63988,-5.0694103,0.1,0.07,0.0,2.3051248,231.34016,71.0,100.0,central_park,40.7829,-73.9654
2025-01-06 15:00:00+00:00,-1.7,79.0786,-4.600319,0.2,0.14,0.0,0.9178235,348.6901,71.0,100.0,central_park,40.7829,-73.9654
2025-01-06 16:00:00+00:00,-1.7,80.58384,-4.5795913,0.3,0.21000001,0.0,0.9693296,21.801476,73.0,100.0,central_park,40.7829,-73.9654
2025-01-06 17:00:00+00:00,-1.75,82.7274,-4.8769956,0.5,0.35,0.01,2.9024127,7.12493,73.0,100.0,central_park,40.7829,-73.9654
2025-01-06 18:00:00+00:00,-1.7,83.04522,-4.8652835,0.3,0.21000001,0.01,3.244996,33.6901,73.0,100.0,central_park,40.7829,-73.9654
2025-01-06 19:00:00+00:00,-1.75,83.35122,-5.0660224,0.1,0.07,0.01,4.278551,22.249071,71.0,100.0,central_park,40.7829,-73.9654
2025-01-06 20:00:00+00:00,-1.55,81.82682,-5.2373815,0.0,0.0,0.02,6.7853074,21.801476,3.0,100.0,central_park,40.7829,-73.9654
2025-01-06 21:00:00+00:00,-1.5,80.31015,-5.412714,0.0,0.0,0.02,8.171683,7.59456,3.0,100.0,central_park,40.7829,-73.9654
2025-01-06 22:00:00+00:00,-1.6,79.692764,-5.4714203,0.0,0.0,0.02,7.731622,12.094739,3.0,96.0,central_park,40.7829,-73.9654
2025-01-06 23:00:00+00:00,-2.3,76.328804,-6.896271,0.0,0.0,0.02,11.767651,6.1465325,3.0,100.0,central_park,40.7829,-73.9654
2025-01-07 00:00:00+00:00,-3.05,74.1787,-7.737445,0.0,0.0,0.02,11.633348,8.004644,3.0,100.0,central_park,40.7829,-73.9654
2025-01-07 01:00:00+00:00,-3.7,70.14476,-8.87159,0.0,0.0,0.02,14.096425,354.8719,3.0,100.0,central_park,40.7829,-73.9654
2025-01-07 02:00:00+00:00,-3.8,67.178314,-9.494673,0.0,0.0,0.02,17.298738,347.98853,3.0,100.0,central_park,40.7829,-73.9654
2025-01-07 03:00:00+00:00,-4.6,65.689575,-10.504672,0.0,0.0,0.02,18.152355,337.249,3.0,100.0,central_park,40.7829,-73.9654
2025-01-07 04:00:00+00:00,-5.9,65.64456,-11.917049,0.0,0.0,0.02,18.278645,327.87503,3.0,100.0,central_park,40.7829,-73.9654
2025-01-07 05:00:00+00:00,-7.15,65.34817,-13.260489,0.0,0.0,0.02,18.329973,324.59305,3.0,100.0,central_park,40.7829,-73.9654
2025-01-07 06:00:00+00:00,-8.05,63.561928,-14.395546,0.0,0.0,0.02,19.42416,327.4881,3.0,100.0,central_park,40.7829,-73.9654
2025-01-07 07:00:00+00:00,-8.55,63.437557,-15.299886,0.0,0.0,0.02,21.993908,331.12766,3.0,83.0,central_park,40.7829,-73.9654
2025-01-07 08:00:00+00:00,-8.5,64.2328,-14.967952,0.0,0.0,0.02,20.140705,331.14444,2.0,60.0,central_park,40.7829,-73.9654
2025-01-07 09:00:00+00:00,-7.95,65.68763,-14.056859,0.0,0.0,0.02,17.9973,329.33115,2.0,52.0,central_park,40.7829,-73.9654
2025-01-07 10:00:00+00:00,-7.35,65.56463,-13.19644,0.0,0.0,0.01,16.45204,323.00464,1.0,23.0,central_park,40.7829,-73.9654
2025-01-07 11:00:00+00:00,-7.2,65.073204,-12.822023,0.0,0.0,0.01,14.935662,310.60123,3.0,98.0,central_park,40.7829,-73.9654
2025-01-07 12:00:00+00:00,-6.7,63.89496,-12.647942,0.0,0.0,0.01,17.283749,305.67648,1.0,25.0,central_park,40.7829,-73.9654
2025-01-07 13:00:00+00:00,-6.0,64.580666,-12.062661,0.0,0.0,0.01,18.445389,298.56573,0.0,12.0,central_park,40.7829,-73.9654
2025-01-07 14:00:00+00:00,-5.35,62.70667,-11.405572,0.0,0.0,0.01,18.519018,295.31964,3.0,97.0,central_park,40.7829,-73.9654
2025-01-07 15:00:00+00:00,-5.05,63.28288,-12.687637,0.0,0.0,0.01,29.566608,305.33502,3.0,80.0,central_park,40.7829,-73.9654
2025-01-07 16:00:00+00:00,-4.2,61.029037,-10.534203,0.0,0.0,0.01,20.808498,300.11365,3.0,100.0,central_park,40.7829,-73.9654
2025-01-07 17:00:00+00:00,-3.35,57.724007,-11.192557,0.0,0.0,0.01,31.20444,312.8962,3.0,96.0,central_park,40.7829,-73.9654
2025-01-07 18:00:00+00:00,-3.25,60.314163,-10.897113,0.0,0.0,0.01,30.21052,311.86026,3.0,95.0,central_park,40.7829,-73.9654
2025-01-07 19:00:00+00:00,-2.85,59.94451,-10.340762,0.0,0.0,0.01,29.30409,307.01074,3.0,100.0,central_park,40.7829,-73.9654
2025-01-07 20:00:00+00:00,-3.05,62.53592,-9.915878,0.0,0.0,0.01,25.216064,308.9153,3.0,85.0,central_park,40.7829,-73.9654
2025-01-07 21:00:00+00:00,-3.15,60.1029,-9.090017,0.0,0.0,0.01,18.532135,299.0545,3.0,100.0,central_park,40.7829,-73.9654
2025-01-07 22:00:00+00:00,-3.45,62.92911,-9.680336,0.0,0.0,0.01,20.688257,296.34204,2.0,59.0,central_park,40.7829,-73.9654
2025-01-07 23:00:00+00:00,-3.4,62.449024,-9.4025755,0.0,0.0,0.01,19.098671,293.90765,3.0,100.0,central_park,40.7829,-73.9654
2025-01-08 00:00:00+00:00,-3.55,63.400658,-10.230307,0.0,0.0,0.01,23.773632,302.00534,2.0,61.0,central_park,40.7829,-73.9654
2025-01-08 01:00:00+00:00,-2.95,53.85017,-9.04984,0.0,0.0,0.01,18.999168,295.8367,1.0,20.0,central_park,40.7829,-73.9654
2025-01-08 02:00:00+00:00,-3.3,55.491497,-9.162956,0.0,0.0,0.01,17.399586,294.44394,3.0,93.0,central_park,40.7829,-73.9654
2025-01-08 03:00:00+00:00,-3.25,54.847042,-9.226797,0.0,0.0,0.01,18.13003,299.10974,3.0,99.0,central_park,40.7829,-73.9654
2025-01-08 04:00:00+00:00,-3.3,53.751167,-8.827085,0.0,0.0,0.01,14.897651,298.11313,3.0,100.0,central_park,40.7829,-73.9654
2025-01-08 05:00:00+00:00,-3.55,53.895325,-9.779992,0.0,0.0,0.01,19.62,303.3985,3.0,88.0,central_park,40.7829,-73.9654
2025-01-08 06:00:00+00:00,-3.65,53.22402,-10.008382,0.0,0.0,0.01,20.380579,305.65543,1.0,44.0,central_park,40.7829,-73.9654
2025-01-08 07:00:00+00:00,-3.85,54.243134,-10.435389,0.0,0.0,0.01,21.960737,307.3396,2.0,59.0,central_park,40.7829,-73.9654
2025-01-08 08:00:00+00:00,-4.25,53.6967,-10.822418,0.0,0.0,0.01,21.637466,306.20267,2.0,65.0,central_park,40.7829,-73.9654
2025-01-08 09:00:00+00:00,-4.35,53.23781,-10.707237,0.0,0.0,0.01,20.070604,304.4027,3.0,95.0,central_park,40.7829,-73.9654
2025-01-08 10:00:00+00:00,-4.3,55.657757,-10.29184,0.0,0.0,0.01,17.84271,300.96368,3.0,100.0,central_park,40.7829,-73.9654
2025-01-08 11:00:00+00:00,-4.35,56.769257,-10.204266,0.0,0.0,0.01,16.994516,298.46506,3.0,99.0,central_park,40.7829,-73.9654
2025-01-08 12:00:00+00:00,-4.7,57.359226,-10.561394,0.0,0.0,0.01,16.947744,300.65057,1.0,39.0,central_park,40.7829,-73.9654
2025-01-08 13:00:00+00:00,-4.2,48.945553,-10.425486,0.0,0.0,0.01,18.772715,304.452,0.0,2.0,central_park,40.7829,-73.9654
2025-01-08 14:00:00+00:00,-3.7,41.878067,-10.108014,0.0,0.0,0.01,19.440832,306.33948,0.0,8.0,central_park,40.7829,-73.9654
2025-01-08 15:00:00+00:00,-3.15,42.04942,-9.973661,0.0,0.0,0.01,22.50576,300.25635,2.0,57.0,central_park,40.7829,-73.9654
2025-01-08 16:00:00+00:00,-2.85,42.835632,-10.252857,0.0,0.0,0.01,26.680103,299.50507,3.0,81.0,central_park,40.7829,-73.9654
2025-01-08 17:00:00+00:00,-2.65,40.849102,-9.71941,0.0,0.0,0.01,24.231236,295.99396,1.0,40.0,central_park,40.7829,-73.9654
2025-01-08 18:00:00+00:00,-2.4,38.648457,-9.8355,0.0,0.0,0.01,26.564486,296.56497,2.0,76.0,central_park,40.7829,-73.9654
2025-01-08 19:00:00+00:00,-2.6,37.335075,-9.834381,0.0,0.0,0.01,24.957764,297.489,1.0,45.0,central_park,40.7829,-73.9654
2025-01-08 20:00:00+00:00,-3.25,38.860195,-10.407892,0.0,0.0,0.01,24.395811,297.69937,1.0,21.0,central_park,40.7829,-73.9654
2025-01-08 21:00:00+00:00,-4.4,42.70481,-11.358312,0.0,0.0,0.01,23.06319,299.96664,1.0,25.0,central_park,40.7829,-73.9654
2025-01-08 22:00:00+00:00,-5.6,46.375607,-12.219345,0.0,0.0,0.01,20.700783,298.5706,0.0,11.0,central_park,40.7829,-73.9654
2025-01-08 23:00:00+00:00,-6.2,48.144863,-12.705559,0.0,0.0,0.01,19.88328,296.333,1.0,22.0,central_park,40.7829,-73.9654
2025-01-09 00:00:00+00:00,-6.6,49.02864,-13.109518,0.0,0.0,0.0,19.855558,292.3802,1.0,28.0,central_park,40.7829,-73.9654
2025-01-09 01:00:00+00:00,-5.5,46.406254,-12.173504,0.0,0.0,0.0,21.109173,294.16092,2.0,60.0,central_park,40.7829,-73.9654
2025-01-09 02:00:00+00:00,-5.7,49.29909,-11.879917,0.0,0.0,0.0,17.932371,289.34442,2.0,58.0,central_park,40.7829,-73.9654
2025-01-09 03:00:00+00:00,-6.05,52.533024,-12.1804085,0.0,0.0,0.0,17.769016,283.47318,1.0,24.0,central_park,40.7829,-73.9654
2025-01-09 04:00:00+00:00,-6.35,54.41355,-12.567249,0.0,0.0,0.0,18.4243,284.71512,2.0,75.0,central_park,40.7829,-73.9654
2025-01-09 05:00:00+00:00,-6.55,54.579426,-12.635832,0.0,0.0,0.0,17.462782,284.32275,2.0,73.0,central_park,40.7829,-73.9654
2025-01-09 06:00:00+00:00,-6.25,53.34118,-12.743272,0.0,0.0,0.0,20.256998,292.46326,3.0,93.0,central_park,40.7829,-73.9654
2025-01-09 07:00:00+00:00,-6.0,53.19555,-12.96251,0.0,0.0,0.0,23.555254,300.28787,3.0,100.0,central_park,40.7829,-73.9654
2025-01-09 08:00:00+00:00,-5.8,55.238815,-12.422379,0.0,0.0,0.0,21.492483,306.4861,2.0,68.0,central_park,40.7829,-73.9654
2025-01-09 09:00:00+00:00,-5.75,54.362488,-12.434033,0.0,0.0,0.0,21.85203,306.9644,3.0,83.0,central_park,40.7829,-73.9654
2025-01-09 10:00:00+00:00,-5.75,52.620068,-12.485503,0.0,0.0,0.0,22.039528,308.36752,3.0,85.0,central_park,40.7829,-73.9654
2025-01-09 11:00:00+00:00,-5.8,51.96504,-12.539587,0.0,0.0,0.0,21.986542,309.6854,1.0,44.0,central_park,40.7829,-73.9654
2025-01-09 12:00:00+00:00,-5.8,52.60558,-12.473615,0.0,0.0,0.0,21.594748,309.92783,1.0,48.0,central_park,40.7829,-73.9654
2025-01-09 13:00:00+00:00,-4.65,51.668076,-11.598772,0.0,0.0,0.0,23.838959,308.25446,1.0,35.0,central_park,40.7829,-73.9654
2025-01-09 14:00:00+00:00,-4.15,48.17152,-10.880359,0.0,0.0,0.0,22.17144,302.3998,1.0,32.0,central_park,40.7829,-73.9654
2025-01-09 15:00:00+00:00,-3.7,43.99034,-10.748395,0.0,0.0,0.0,24.066206,304.641,3.0,80.0,central_park,40.7829,-73.9654
2025-01-09 16:00:00+00:00,-3.05,41.567245,-10.017939,0.0,0.0,0.0,23.47534,307.83652,1.0,21.0,central_park,40.7829,-73.9654
2025-01-09 17:00:00+00:00,-2.1,40.357666,-9.280151,0.0,0.0,0.0,25.133053,308.01898,0.0,17.0,central_park,40.7829,-73.9654
2025-01-09 18:00:00+00:00,-1.8,41.955414,-9.266712,0.0,0.0,0.0,27.41501,311.53973,1.0,48.0,central_park,40.7829,-73.9654
2025-01-09 19:00:00+00:00,-1.7,44.425392,-9.1108,0.0,0.0,0.0,27.388998,312.60294,1.0,36.0,central_park,40.7829,-73.9654
2025-01-09 20:00:00+00:00,-2.35,48.320854,-10.265182,0.0,0.0,0.0,31.05717,315.46957,2.0,59.0,central_park,40.7829,-73.9654
2025-01-09 21:00:00+00:00,-2.9,53.013653,-9.937575,0.0,0.0,0.0,25.354454,312.41046,2.0,61.0,central_park,40.7829,-73.9654
2025-01-09 22:00:00+00:00,-3.75,58.53883,-11.12411,0.0,0.0,0.0,27.888384,316.83072,2.0,67.0,central_park,40.7829,-73.9654
2025-01-09 23:00:00+00:00,-3.55,59.29187,-10.422054,0.0,0.0,0.0,24.627789,322.12497,3.0,87.0,central_park,40.7829,-73.9654
2025-01-10 00:00:00+00:00,-3.75,62.116577,-10.911467,0.0,0.0,0.0,26.825436,324.28348,3.0,92.0,central_park,40.7829,-73.9654
2025-01-10 01:00:00+00:00,-2.3,58.69164,-8.995917,0.0,0.0,0.0,23.99475,319.25894,1.0,30.0,central_park,40.7829,-73.9654
2025-01-10 02:00:00+00:00,-2.1,59.205746,-8.733825,0.0,0.0,0.0,23.740902,319.30457,1.0,26.0,central_park,40.7829,-73.9654
2025-01-10 03:00:00+00:00,-2.0,59.696297,-8.522903,0.0,0.0,0.0,23.096882,319.10822,0.0,19.0,central_park,40.7829,-73.9654
2025-01-10 04:00:00+00:00,-2.3,60.086704,-8.816025,0.0,0.0,0.0,22.932877,317.54483,0.0,15.0,central_park,40.7829,-73.9654
2025-01-10 05:00:00+00:00,-2.6,60.244884,-9.153524,0.0,0.0,0.0,23.046328,316.5823,1.0,22.0,central_park,40.7829,-73.9654
2025-01-10 06:00:00+00:00,-2.9,60.880386,-9.527603,0.0,0.0,0.0,23.469128,318.73148,1.0,38.0,central_park,40.7829,-73.9654
2025-01-10 07:00:00+00:00,-3.15,61.779793,-9.725104,0.0,0.0,0.0,23.080746,321.9682,1.0,20.0,central_park,40.7829,-73.9654
2025-01-10 08:00:00+00:00,-3.2,61.767212,-9.606701,0.0,0.0,0.0,21.897945,316.33215,1.0,27.0,central_park,40.7829,-73.9654
2025-01-10 09:00:00+00:00,-3.35,62.2166,-9.632417,0.0,0.0,0.0,21.017649,326.1738,0.0,6.0,central_park,40.7829,-73.9654
2025-01-10 10:00:00+00:00,-3.45,61.947525,-9.511794,0.0,0.0,0.0,19.421656,325.57346,0.0,13.0,central_park,40.7829,-73.9654
2025-01-10 11:00:00+00:00,-3.45,61.220306,-9.337497,0.0,0.0,0.0,18.144321,323.47104,1.0,21.0,central_park,40.7829,-73.9654
2025-01-10 12:00:00+00:00,-3.65,61.653812,-9.419951,0.0,0.0,0.0,17.283749,324.3235,0.0,15.0,central_park,40.7829,-73.9654
2025-01-10 13:00:00+00:00,-2.5,60.035076,-8.194311,0.0,0.0,0.0,17.183167,315.42435,3.0,86.0,central_park,40.7829,-73.9654
2025-01-10 14:00:00+00:00,-1.4,53.64956,-6.9419117,0.0,0.0,0.0,15.914484,316.37476,3.0,85.0,central_park,40.7829,-73.9654
2025-01-10 15:00:00+00:00,-0.4,48.514397,-5.6911416,0.0,0.0,0.0,14.004185,322.83545,2.0,75.0,central_park,40.7829,-73.9654
2025-01-10 16:00:00+00:00,1.2,42.707558,-3.916963,0.0,0.0,0.0,12.730467,313.85434,0.0,8.0,central_park,40.7829,-73.9654
2025-01-10 17:00:00+00:00,2.5,38.461994,-2.6652317,0.0,0.0,0.0,12.98248,315.0001,0.0,11.0,central_park,40.7829,-73.9654
2025-01-10 18:00:00+00:00,3.15,39.27368,-1.9474506,0.0,0.0,0.0,12.98248,315.0001,2.0,76.0,central_park,40.7829,-73.9654
2025-01-10 19:00:00+00:00,3.3,39.319595,-1.5954063,0.0,0.0,0.0,11.681987,303.6901,3.0,98.0,central_park,40.7829,-73.9654
2025-01-10 20:00:00+00:00,3.0,40.319824,-1.7426248,0.0,0.0,0.0,10.662626,291.80148,3.0,100.0,central_park,40.7829,-73.9654
2025-01-10 21:00:00+00:00,1.95,46.423542,-2.3058,0.0,0.0,0.0,7.823272,293.0255,3.0,100.0,central_park,40.7829,-73.9654
2025-01-10 22:00:00+00:00,0.75,50.793015,-3.348774,0.0,0.0,0.0,6.77575,286.9909,3.0,99.0,central_park,40.7829,-73.9654
2025-01-10 23:00:00+00:00,0.05,52.399662,-4.102063,0.0,0.0,0.0,6.989936,304.50858,3.0,100.0,central_park,40.7829,-73.9654
2025-01-11 00:00:00+00:00,-0.7,53.01037,-5.127691,0.0,0.0,0.0,8.557102,292.24908,3.0,100.0,central_park,40.7829,-73.9654
2025-01-11 01:00:00+00:00,0.2,56.885593,-3.8948839,0.0,0.0,0.0,7.3447943,287.1028,3.0,100.0,central_park,40.7829,-73.9654
2025-01-11 02:00:00+00:00,-0.25,59.915787,-4.117841,0.0,0.0,0.0,5.950899,273.46817,3.0,100.0,central_park,40.7829,-73.9654
2025-01-11 03:00:00+00:00,-0.3,63.694817,-3.754262,0.0,0.0,0.0,3.62243,296.56497,3.0,100.0,central_park,40.7829,-73.9654
2025-01-11 04:00:00+00:00,-0.6,70.518166,-3.806113,0.0,0.0,0.0,2.6758924,317.72638,3.0,97.0,central_park,40.7829,-73.9654
2025-01-11 05:00:00+00:00,-0.7,67.09705,-3.9891355,0.0,0.0,0.0,2.6999998,233.13002,3.0,100.0,central_park,40.7829,-73.9654
2025-01-11 06:00:00+00:00,-0.65,66.59834,-4.137501,0.0,0.0,0.0,4.0249224,243.43501,3.0,100.0,central_park,40.7829,-73.9654
2025-01-11 07:00:00+00:00,-1.15,76.81526,-4.059126,0.6,0.42000002,0.0,1.0948973,189.46225,73.0,100.0,central_park,40.7829,-73.9654
2025-01-11 08:00:00+00:00,-1.45,70.07502,-5.2159977,0.1,0.07,0.0,5.8631387,197.87878,71.0,100.0,central_park,40.7829,-73.9654
2025-01-11 09:00:00+00:00,-1.8,69.20183,-5.8531203,0.1,0.07,0.0,7.4867883,207.18103,71.0,100.0,central_park,40.7829,-73.9654
2025-01-11 10:00:00+00:00,-2.6,81.37347,-5.9974666,0.6,0.42000002,0.0,3.9477081,223.1524,73.0,100.0,central_park,40.7829,-73.9654
2025-01-11 11:00:00+00:00,-2.75,84.493004,-5.8866043,0.4,0.28,0.0,2.4216523,228.01286,73.0,100.0,central_park,40.7829,-73.9654
2025-01-11 12:00:00+00:00,-2.8,85.45035,-6.0239577,0.1,0.07,0.0,3.096837,234.46223,71.0,100.0,central_park,40.7829,-73.9654
2025-01-11 13:00:00+00:00,-2.55,82.935455,-5.85466,0.0,0.0,0.0,3.536439,284.74362,3.0,100.0,central_park,40.7829,-73.9654
2025-01-11 14:00:00+00:00,-2.15,82.987236,-5.5289307,0.0,0.0,0.0,4.3536186,299.74478,3.0,100.0,central_park,40.7829,-73.9654
2025-01-11 15:00:00+00:00,-1.3,79.43867,-5.0772715,0.0,0.0,0.0,7.282774,320.01315,3.0,93.0,central_park,40.7829,-73.9654
2025-01-11 16:00:00+00:00,-0.5,76.63661,-4.498293,0.0,0.0,0.0,9.039514,324.72748,3.0,100.0,central_park,40.7829,-73.9654
2025-01-11 17:00:00+00:00,-0.05,73.33999,-4.3641815,0.0,0.0,0.0,11.08572,327.6002,3.0,98.0,central_park,40.7829,-73.9654
2025-01-11 18:00:00+00:00,0.1,69.080124,-4.5042863,0.0,0.0,0.0,12.566526,321.981,3.0,96.0,central_park,40.7829,-73.9654
2025-01-11 19:00:00+00:00,0.35,68.355415,-4.6319156,0.0,0.0,0.0,15.233148,324.61966,3.0,100.0,central_park,40.7829,-73.9654
2025-01-11 20:00:00+00:00,0.35,68.87305,-4.310164,0.0,0.0,0.0,13.104198,322.81522,3.0,100.0,central_park,40.7829,-73.9654
2025-01-11 21:00:00+00:00,0.25,70.16172,-4.3591056,0.0,0.0,0.0,12.870944,312.16583,3.0,100.0,central_park,40.7829,-73.9654
2025-01-11 22:00:00+00:00,-0.35,67.17515,-5.585762,0.0,0.0,0.0,16.299694,316.7899,3.0,86.0,central_park,40.7829,-73.9654
2025-01-11 23:00:00+00:00,-1.15,66.74027,-6.4005885,0.0,0.0,0.0,15.801087,317.77026,1.0,20.0,central_park,40.7829,-73.9654
2025-01-12 00:00:00+00:00,-1.8,65.070274,-7.2213545,0.0,0.0,0.0,16.341381,319.46722,0.0,13.0,central_park,40.7829,-73.9654
2025-01-12 01:00:00+00:00,-1.45,62.92974,-7.040494,0.0,0.0,0.0,17.437717,315.41815,0.0,4.0,central_park,40.7829,-73.9654
2025-01-12 02:00:00+00:00,-1.65,63.614723,-7.2268133,0.0,0.0,0.0,17.311846,315.84244,0.0,5.0,central_park,40.7829,-73.9654
2025-01-12 03:00:00+00:00,-1.7,65.09372,-7.152089,0.0,0.0,0.0,16.616642,320.27393,0.0,17.0,central_park,40.7829,-73.9654
2025-01-12 04:00:00+00:00,-1.5,67.174995,-6.775859,0.0,0.0,0.0,15.804164,322.869,0.0,5.0,central_park,40.7829,-73.9654
2025-01-12 05:00:00+00:00,-1.55,69.78691,-6.71304,0.0,0.0,0.0,15.338071,324.0714,2.0,74.0,central_park,40.7829,-73.9654
2025-01-12 06:00:00+00:00,-1.15,69.34011,-6.1495743,0.0,0.0,0.0,14.428097,326.70642,3.0,99.0,central_park,40.7829,-73.9654
2025-01-12 07:00:00+00:00,-0.8,68.888145,-5.613453,0.0,0.0,0.0,13.33094,325.45157,3.0,99.0,central_park,40.7829,-73.9654
2025-01-12 08:00:00+00:00,-0.6,68.40898,-5.3814845,0.0,0.0,0.0,13.184308,327.8288,1.0,46.0,central_park,40.7829,-73.9654
2025-01-12 09:00:00+00:00,-0.9,69.657585,-5.458206,0.0,0.0,0.0,11.616626,310.6012,0.0,12.0,central_park,40.7829,-73.9654
2025-01-12 10:00:00+00:00,-1.2,70.39469,-5.728445,0.0,0.0,0.0,11.304229,307.23492,0.0,9.0,central_park,40.7829,-73.9654
2025-01-12 11:00:00+00:00,-1.4,70.08543,-5.855464,0.0,0.0,0.0,10.626099,321.1886,0.0,10.0,central_park,40.7829,-73.9654
2025-01-12 12:00:00+00:00,-1.6,70.58113,-5.709241,0.0,0.0,0.0,8.181589,320.35587,0.0,3.0,central_park,40.7829,-73.9654
2025-01-12 13:00:00+00:00,-0.9,67.05232,-4.985473,0.0,0.0,0.0,8.019601,314.0907,0.0,2.0,central_park,40.7829,-73.9654
2025-01-12 14:00:00+00:00,0.9,57.29186,-3.6315584,0.0,0.0,0.0,10.83893,324.46225,0.0,2.0,central_park,40.7829,-73.9654
2025-01-12 15:00:00+00:00,2.25,51.222363,-1.8495145,0.0,0.0,0.0,7.7420926,305.53775,0.0,0.0,central_park,40.7829,-73.9654
2025-01-12 16:00:00+00:00,3.3,48.840733,-0.9970002,0.0,0.0,0.0,9.335737,303.9965,0.0,10.0,central_park,40.7829,-73.9654
2025-01-12 17:00:00+00:00,4.25,48.008057,-0.32664585,0.0,0.0,0.0,11.712454,316.24527,3.0,86.0,central_park,40.7829,-73.9654
2025-01-12 18:00:00+00:00,4.6,49.402737,0.2263627,0.0,0.0,0.0,10.837435,302.10623,3.0,94.0,central_park,40.7829,-73.9654
2025-01-12 19:00:00+00:00,4.55,51.677193,0.33922768,0.0,0.0,0.0,10.144082,297.47433,2.0,78.0,central_park,40.7829,-73.9654
2025-01-12 20:00:00+00:00,4.15,54.76698,0.32128096,0.0,0.0,0.0,7.841887,301.86594,0.0,0.0,central_park,40.7829,-73.9654
2025-01-12 21:00:00+00:00,2.9,67.13845,-0.13469696,0.0,0.0,0.0,3.710795,284.03625,0.0,6.0,central_park,40.7829,-73.9654
2025-01-12 22:00:00+00:00,0.95,64.967766,-2.375251,0.0,0.0,0.0,3.7971036,275.44025,0.0,0.0,central_park,40.7829,-73.9654
2025-01-12 23:00:00+00:00,0.15,69.09074,-3.3557382,0.0,0.0,0.0,5.072041,297.47433,0.0,0.0,central_park,40.7829,-73.9654
2025-01-13 00:00:00+00:00,-0.35,72.45953,-3.7347226,0.0,0.0,0.0,4.3573384,321.70978,0.0,1.0,central_park,40.7829,-73.9654
2025-01-13 01:00:00+00:00,-0.65,74.05987,-3.982186,0.0,0.0,0.0,3.9966483,305.83774,2.0,63.0,central_park,40.7829,-73.9654
2025-01-13 02:00:00+00:00,-1.2,76.80681,-4.4620852,0.0,0.0,0.0,3.4763772,291.25058,0.0,19.0,central_park,40.7829,-73.9654
2025-01-13 03:00:00+00:00,-1.35,79.1327,-4.5836897,0.0,0.0,0.0,3.4763772,248.74942,3.0,100.0,central_park,40.7829,-73.9654
2025-01-13 04:00:00+00:00,-0.25,75.82202,-3.5874026,0.0,0.0,0.0,4.5891175,228.17992,3.0,100.0,central_park,40.7829,-73.9654
2025-01-13 05:00:00+00:00,-0.1,75.848145,-3.4964113,0.0,0.0,0.0,5.1165614,230.71062,3.0,100.0,central_park,40.7829,-73.9654
2025-01-13 06:00:00+00:00,0.0,75.01844,-3.5132568,0.0,0.0,0.0,5.876938,229.9698,2.0,66.0,central_park,40.7829,-73.9654
2025-01-13 07:00:00+00:00,-0.75,76.30674,-4.207535,0.0,0.0,0.0,5.0911684,224.9999,2.0,69.0,central_park,40.7829,-73.9654
2025-01-13 08:00:00+00:00,-0.95,74.84768,-4.5701275,0.0,0.0,0.0,5.854844,224.9999,3.0,80.0,central_park,40.7829,-73.9654
2025-01-13 09:00:00+00:00,-1.2,74.80247,-4.8881664,0.0,0.0,0.0,6.1305785,220.23628,1.0,43.0,central_park,40.7829,-73.9654
2025-01-13 10:00:00+00:00,-1.55,75.308044,-5.4059725,0.0,0.0,0.0,7.0934615,215.70677,0.0,11.0,central_park,40.7829,-73.9654
2025-01-13 11:00:00+00:00,-1.7,75.28129,-5.6149178,0.0,0.0,0.0,7.386582,223.02507,0.0,0.0,central_park,40.7829,-73.9654
2025-01-13 12:00:00+00:00,-1.9,75.245544,-5.8250084,0.0,0.0,0.0,7.3094187,232.0012,0.0,0.0,central_park,40.7829,-73.9654
2025-01-13 13:00:00+00:00,-1.15,72.85438,-5.2316213,0.0,0.0,0.0,8.604301,232.65057,0.0,5.0,central_park,40.7829,-73.9654
2025-01-13 14:00:00+00:00,0.2,69.10134,-3.711859,0.0,0.0,0.0,7.8954163,226.8476,2.0,50.0,central_park,40.7829,-73.9654
2025-01-13 15:00:00+00:00,1.4,65.072174,-2.4712212,0.0,0.0,0.0,7.891311,224.9999,3.0,100.0,central_park,40.7829,-73.9654
2025-01-13 16:00:00+00:00,1.9,64.458626,-1.7989225,0.0,0.0,0.0,6.989936,214.50858,2.0,78.0,central_park,40.7829,-73.9654
2025-01-13 17:00:00+00:00,3.65,59.775723,-0.19587898,0.0,0.0,0.0,8.536252,204.94388,0.0,3.0,central_park,40.7829,-73.9654
2025-01-13 18:00:00+00:00,5.0,56.86917,1.012003,0.0,0.0,0.0,10.028439,201.03758,0.0,4.0,central_park,40.7829,-73.9654
2025-01-13 19:00:00+00:00,6.35,50.088608,1.7721524,0.0,0.0,0.0,13.684735,243.43501,1.0,31.0,central_park,40.7829,-73.9654
2025-01-13 20:00:00+00:00,6.05,48.1662,0.7723522,0.0,0.0,0.0,17.81909,261.87,1.0,43.0,central_park,40.7829,-73.9654
2025-01-13 21:00:00+00:00,4.9,50.240795,-0.2663226,0.0,0.0,0.0,16.65754,263.79663,2.0,72.0,central_park,40.7829,-73.9654
2025-01-13 22:00:00+00:00,3.45,51.172207,-1.6407611,0.0,0.0,0.0,15.3095255,267.97867,0.0,0.0,central_park,40.7829,-73.9654
2025-01-13 23:00:00+00:00,2.2,52.39991,-2.3784864,0.0,0.0,0.0,11.196231,265.38943,0.0,0.0,central_park,40.7829,-73.9654
2025-01-14 00:00:00+00:00,1.25,51.73065,-3.5455813,0.0,0.0,0.0,11.989945,262.23492,0.0,0.0,central_park,40.7829,-73.9654
2025-01-14 01:00:00+00:00,0.9,62.305813,-3.2933245,0.0,0.0,0.0,9.299225,255.42574,0.0,1.0,central_park,40.7829,-73.9654
2025-01-14 02:00:00+00:00,0.55,60.813076,-3.8087165,0.0,0.0,0.0,9.96524,253.20154,0.0,0.0,central_park,40.7829,-73.9654
2025-01-14 03:00:00+00:00,0.5,58.51799,-4.2094,0.0,0.0,0.0,11.989945,262.23492,0.0,0.0,central_park,40.7829,-73.9654
2025-01-14 04:00:00+00:00,0.25,57.560257,-4.507188,0.0,0.0,0.0,12.016938,286.5349,0.0,0.0,central_park,40.7829,-73.9654
2025-01-14 05:00:00+00:00,-0.45,60.32747,-4.8724966,0.0,0.0,0.0,9.688281,305.1665,0.0,0.0,central_park,40.7829,-73.9654
2025-01-14 06:00:00+00:00,-1.1,62.53132,-5.5214224,0.0,0.0,0.0,9.582358,298.00906,0.0,0.0,central_park,40.7829,-73.9654
2025-01-14 07:00:00+00:00,-1.65,63.12461,-6.1675043,0.0,0.0,0.0,9.984729,297.95087,0.0,0.0,central_park,40.7829,-73.9654
2025-01-14 08:00:00+00:00,-2.15,62.27194,-6.937186,0.0,0.0,0.0,11.43248,303.43988,0.0,7.0,central_park,40.7829,-73.9654
2025-01-14 09:00:00+00:00,-2.65,61.183117,-7.5701556,0.0,0.0,0.0,11.931705,303.92984,0.0,3.0,central_park,40.7829,-73.9654
2025-01-14 10:00:00+00:00,-3.05,59.422905,-8.064174,0.0,0.0,0.0,12.156331,297.3238,0.0,8.0,central_park,40.7829,-73.9654
2025-01-14 11:00:00+00:00,-3.35,53.95188,-8.820862,0.0,0.0,0.0,14.512064,293.38525,0.0,1.0,central_park,40.7829,-73.9654
2025-01-14 12:00:00+00:00,-3.65,47.738,-9.383663,0.0,0.0,0.0,15.486278,289.6987,0.0,1.0,central_park,40.7829,-73.9654
2025-01-14 13:00:00+00:00,-2.85,50.14462,-8.61718,0.0,0.0,0.0,16.327497,284.03625,1.0,27.0,central_park,40.7829,-73.9654
2025-01-14 14:00:00+00:00,-2.25,47.01296,-8.048233,0.0,0.0,0.0,16.423458,279.46225,0.0,3.0,central_park,40.7829,-73.9654
2025-01-14 15:00:00+00:00,-1.75,38.851936,-8.337986,0.0,0.0,0.0,21.011482,295.90643,0.0,0.0,central_park,40.7829,-73.9654
2025-01-14 16:00:00+00:00,-1.6,39.217033,-8.266924,0.0,0.0,0.0,21.655428,297.20392,0.0,0.0,central_park,40.7829,-73.9654
2025-01-14 17:00:00+00:00,-0.4,35.341743,-7.1605215,0.0,0.0,0.0,22.215967,303.4326,3.0,91.0,central_park,40.7829,-73.9654
2025-01-14 18:00:00+00:00,-0.25,39.16102,-6.4682226,0.0,0.0,0.0,19.098671,293.90765,3.0,99.0,central_park,40.7829,-73.9654
2025-01-14 19:00:00+00:00,-0.05,39.85878,-5.9845815,0.0,0.0,0.0,17.337091,282.59332,2.0,60.0,central_park,40.7829,-73.9654
2025-01-14 20:00:00+00:00,0.25,36.71446,-5.7258406,0.0,0.0,0.0,17.280935,292.0231,0.0,5.0,central_park,40.7829,-73.9654
2025-01-14 21:00:00+00:00,-0.45,40.37992,-5.921461,0.0,0.0,0.0,14.068816,286.34824,0.0,17.0,central_park,40.7829,-73.9654
2025-01-14 22:00:00+00:00,-1.65,45.70683,-6.680358,0.0,0.0,0.0,11.252519,277.3523,1.0,39.0,central_park,40.7829,-73.9654
2025-01-14 23:00:00+00:00,-2.25,47.77325,-7.453741,0.0,0.0,0.0,12.440851,273.31772,2.0,75.0,central_park,40.7829,-73.9654
2025-01-15 00:00:00+00:00,-2.55,46.73408,-7.84708,0.0,0.0,0.0,12.825552,274.83032,3.0,91.0,central_park,40.7829,-73.9654
2025-01-15 01:00:00+00:00,-2.15,48.380417,-7.626137,0.0,0.0,0.0,14.428097,273.57626,3.0,93.0,central_park,40.7829,-73.9654
2025-01-15 02:00:00+00:00,-2.6,51.230553,-7.9439173,0.0,0.0,0.0,13.666967,282.93805,3.0,100.0,central_park,40.7829,-73.9654
2025-01-15 03:00:00+00:00,-2.6,53.099106,-7.9609733,0.0,0.0,0.0,14.008811,297.5527,2.0,77.0,central_park,40.7829,-73.9654
2025-01-15 04:00:00+00:00,-3.45,45.898994,-9.397633,0.0,0.0,0.0,16.825909,297.38733,1.0,46.0,central_park,40.7829,-73.9654
2025-01-15 05:00:00+00:00,-4.35,49.29975,-9.966025,0.0,0.0,0.0,14.572219,287.98743,0.0,3.0,central_park,40.7829,-73.9654
2025-01-15 06:00:00+00:00,-4.95,51.790405,-10.289053,0.0,0.0,0.0,12.69351,288.1781,0.0,3.0,central_park,40.7829,-73.9654
2025-01-15 07:00:00+00:00,-5.25,48.83046,-11.347273,0.0,0.0,0.0,17.483181,298.9399,0.0,1.0,central_park,40.7829,-73.9654
2025-01-15 08:00:00+00:00,-5.45,48.17343,-11.399367,0.0,0.0,0.0,16.332458,301.93842,0.0,3.0,central_park,40.7829,-73.9654
2025-01-15 09:00:00+00:00,-5.55,49.750175,-11.16832,0.0,0.0,0.01,14.178927,298.84256,0.0,2.0,central_park,40.7829,-73.9654
2025-01-15 10:00:00+00:00,-5.4,51.65903,-11.25178,0.0,0.0,0.01,16.021011,297.42865,1.0,34.0,central_park,40.7829,-73.9654
2025-01-15 11:00:00+00:00,-4.95,52.00104,-10.595146,0.0,0.0,0.01,14.813683,297.49905,2.0,53.0,central_park,40.7829,-73.9654
2025-01-15 12:00:00+00:00,-4.55,52.966335,-10.319312,0.0,0.0,0.01,15.926694,304.40854,2.0,50.0,central_park,40.7829,-73.9654
2025-01-15 13:00:00+00:00,-4.15,53.29499,-10.101796,0.0,0.0,0.01,17.381886,301.87955,0.0,14.0,central_park,40.7829,-73.9654
2025-01-15 14:00:00+00:00,-3.2,50.243076,-9.097666,0.0,0.0,0.01,17.081041,298.99585,1.0,27.0,central_park,40.7829,-73.9654
2025-01-15 15:00:00+00:00,-2.2,44.093925,-9.330124,0.0,0.0,0.02,25.216064,321.0847,2.0,71.0,central_park,40.7829,-73.9654
2025-01-15 16:00:00+00:00,-1.65,43.380394,-8.207031,0.0,0.0,0.02,21.420755,311.59348,2.0,68.0,central_park,40.7829,-73.9654
2025-01-15 17:00:00+00:00,-1.3,42.280033,-7.926576,0.0,0.0,0.02,21.897945,313.66785,3.0,99.0,central_park,40.7829,-73.9654
2025-01-15 18:00:00+00:00,-1.35,41.08678,-7.8718038,0.0,0.0,0.02,21.001457,314.6528,1.0,44.0,central_park,40.7829,-73.9654
2025-01-15 19:00:00+00:00,-1.25,40.62207,-7.81344,0.0,0.0,0.02,21.265156,313.2851,2.0,65.0,central_park,40.7829,-73.9654
2025-01-15 20:00:00+00:00,-1.45,40.724625,-7.743405,0.0,0.0,0.02,19.348114,314.24625,2.0,72.0,central_park,40.7829,-73.9654
2025-01-15 21:00:00+00:00,-1.9,42.436943,-7.9644165,0.0,0.0,0.02,17.82091,314.18164,1.0,23.0,central_park,40.7829,-73.9654
2025-01-15 22:00:00+00:00,-2.8,46.470596,-8.328274,0.0,0.0,0.01,14.275713,311.93344,0.0,4.0,central_park,40.7829,-73.9654
2025-01-15 23:00:00+00:00,-3.25,49.22839,-8.4587,0.0,0.0,0.01,12.218805,315.0001,1.0,43.0,central_park,40.7829,-73.9654
2025-01-16 00:00:00+00:00,-3.15,50.662704,-8.070315,0.0,0.0,0.01,10.4493065,317.7928,3.0,99.0,central_park,40.7829,-73.9654
2025-01-16 01:00:00+00:00,-2.95,54.280117,-7.926358,0.0,0.0,0.01,11.345712,318.21558,0.0,4.0,central_park,40.7829,-73.9654
2025-01-16 02:00:00+00:00,-3.1,55.76775,-7.802146,0.0,0.0,0.01,9.567131,311.18582,0.0,1.0,central_park,40.7829,-73.9654
2025-01-16 03:00:00+00:00,-3.35,59.579105,-7.6158466,0.0,0.0,0.01,6.889557,289.85532,0.0,13.0,central_park,40.7829,-73.9654
2025-01-16 04:00:00+00:00,-3.6,63.139835,-7.586754,0.0,0.0,0.01,5.2478566,275.90604,2.0,68.0,central_park,40.7829,-73.9654
2025-01-16 05:00:00+00:00,-3.55,64.15149,-7.528414,0.0,0.0,0.01,5.3305535,258.31067,3.0,100.0,central_park,40.7829,-73.9654
2025-01-16 06:00:00+00:00,-3.15,62.51112,-7.2103024,0.0,0.0,0.01,5.920878,250.46326,3.0,81.0,central_park,40.7829,-73.9654
2025-01-16 07:00:00+00:00,-3.25,62.73189,-7.4310603,0.0,0.0,0.01,6.7205353,249.62347,1.0,27.0,central_park,40.7829,-73.9654
2025-01-16 08:00:00+00:00,-3.55,62.657658,-8.247575,0.0,0.0,0.01,10.094454,266.93356,0.0,8.0,central_park,40.7829,-73.9654
2025-01-16 09:00:00+00:00,-4.1,60.094124,-8.856823,0.0,0.0,0.01,9.9408245,275.19434,2.0,56.0,central_park,40.7829,-73.9654
2025-01-16 10:00:00+00:00,-4.6,59.963955,-9.101646,0.0,0.0,0.01,7.9383874,273.90042,3.0,83.0,central_park,40.7829,-73.9654
2025-01-16 11:00:00+00:00,-4.95,59.872498,-9.422739,0.0,0.0,0.01,7.5685663,267.27374,3.0,87.0,central_park,40.7829,-73.9654
2025-01-16 12:00:00+00:00,-5.45,59.981636,-9.882399,0.0,0.0,0.01,7.0774574,262.69434,1.0,22.0,central_park,40.7829,-73.9654
2025-01-16 13:00:00+00:00,-5.45,56.467014,-10.062492,0.0,0.0,0.01,7.970972,244.59233,2.0,79.0,central_park,40.7829,-73.9654
2025-01-16 14:00:00+00:00,-4.75,50.19179,-9.400688,0.0,0.0,0.01,7.889259,242.8504,1.0,27.0,central_park,40.7829,-73.9654
2025-01-16 15:00:00+00:00,-3.55,45.311924,-8.209609,0.0,0.0,0.01,7.889258,235.22209,1.0,30.0,central_park,40.7829,-73.9654
2025-01-16 16:00:00+00:00,-2.4,41.262146,-7.1081,0.0,0.0,0.01,8.181589,219.64413,3.0,80.0,central_park,40.7829,-73.9654
2025-01-16 17:00:00+00:00,-1.45,38.787403,-6.5022244,0.0,0.0,0.01,10.583326,221.55252,3.0,100.0,central_park,40.7829,-73.9654
2025-01-16 18:00:00+00:00,-0.7,37.470734,-5.7317667,0.0,0.0,0.01,10.548061,216.67444,3.0,100.0,central_park,40.7829,-73.9654
2025-01-16 19:00:00+00:00,-1.1,43.02793,-6.081383,0.0,0.0,0.01,10.799999,216.86998,3.0,100.0,central_park,40.7829,-73.9654
2025-01-16 20:00:00+00:00,-1.3,47.29802,-6.1326556,0.0,0.0,0.01,10.261579,217.87505,3.0,100.0,central_park,40.7829,-73.9654
2025-01-16 21:00:00+00:00,-1.9,54.145607,-6.5619683,0.1,0.07,0.01,9.688281,215.16652,71.0,100.0,central_park,40.7829,-73.9654
2025-01-16 22:00:00+00:00,-2.3,57.777706,-6.607115,0.1,0.07,0.01,7.5019197,210.25635,71.0,100.0,central_park,40.7829,-73.9654
2025-01-16 23:00:00+00:00,-2.45,58.422237,-6.4284244,0.0,0.0,0.01,5.2478566,210.96368,3.0,100.0,central_park,40.7829,-73.9654
2025-01-17 00:00:00+00:00,-2.4,57.298588,-6.4306545,0.0,0.0,0.01,5.495161,211.60745,3.0,100.0,central_park,40.7829,-73.9654
2025-01-17 01:00:00+00:00,-2.45,70.13515,-6.6853433,0.1,0.07,0.01,8.435069,219.80553,71.0,100.0,central_park,40.7829,-73.9654
2025-01-17 02:00:00+00:00,-2.7,74.52879,-6.736755,0.1,0.07,0.01,7.44121,237.84773,71.0,97.0,central_park,40.7829,-73.9654
2025-01-17 03:00:00+00:00,-2.7,75.3898,-6.816369,0.0,0.0,0.01,8.089993,249.14546,3.0,96.0,central_park,40.7829,-73.9654
2025-01-17 04:00:00+00:00,-2.95,77.09637,-7.1178637,0.0,0.0,0.01,8.477216,266.34784,2.0,54.0,central_park,40.7829,-73.9654
2025-01-17 05:00:00+00:00,-3.35,79.123116,-7.420356,0.0,0.0,0.01,7.7734165,275.31445,1.0,48.0,central_park,40.7829,-73.9654
2025-01-17 06:00:00+00:00,-3.5,78.797226,-7.600342,0.0,0.0,0.01,7.841888,279.24603,0.0,7.0,central_park,40.7829,-73.9654
2025-01-17 07:00:00+00:00,-3.9,79.64702,-7.935662,0.0,0.0,0.01,7.229191,288.88617,0.0,1.0,central_park,40.7829,-73.9654
2025-01-17 08:00:00+00:00,-4.1,78.702225,-8.160223,0.0,0.0,0.01,7.16617,295.27768,0.0,7.0,central_park,40.7829,-73.9654
2025-01-17 09:00:00+00:00,-4.35,78.35931,-8.339925,0.0,0.0,0.01,6.489992,289.44012,0.0,3.0,central_park,40.7829,-73.9654
2025-01-17 10:00:00+00:00,-4.4,77.447716,-8.65138,0.0,0.0,0.01,8.155807,292.0363,0.0,0.0,central_park,40.7829,-73.9654
2025-01-17 11:00:00+00:00,-4.15,74.548805,-8.815393,0.0,0.0,0.01,10.83893,305.53775,0.0,0.0,central_park,40.7829,-73.9654
2025-01-17 12:00:00+00:00,-4.1,73.12576,-8.625488,0.0,0.0,0.01,9.7565975,307.5042,0.0,0.0,central_park,40.7829,-73.9654
2025-01-17 13:00:00+00:00,-3.95,69.54783,-8.261513,0.0,0.0,0.01,7.989243,284.34937,0.0,3.0,central_park,40.7829,-73.9654
2025-01-17 14:00:00+00:00,-2.1,61.322235,-6.3383684,0.0,0.0,0.01,7.579261,265.91446,0.0,10.0,central_park,40.7829,-73.9654
2025-01-17 15:00:00+00:00,-0.1,54.223892,-4.1175537,0.0,0.0,0.01,6.2483597,258.3664,0.0,3.0,central_park,40.7829,-73.9654
2025-01-17 16:00:00+00:00,1.7,49.70367,-2.3664484,0.0,0.0,0.01,6.9270773,245.43285,0.0,0.0,central_park,40.7829,-73.9654
2025-01-17 17:00:00+00:00,3.15,45.70957,-0.9638307,0.0,0.0,0.01,7.4128532,240.94548,0.0,3.0,central_park,40.7829,-73.9654
2025-01-17 18:00:00+00:00,4.5,44.550014,0.13318062,0.0,0.0,0.01,9.746631,274.23633,3.0,86.0,central_park,40.7829,-73.9654
2025-01-17 19:00:00+00:00,4.8,45.153454,0.3667035,0.0,0.0,0.01,10.51576,276.88162,3.0,100.0,central_park,40.7829,-73.9654
2025-01-17 20:00:00+00:00,4.8,47.985653,1.2551193,0.0,0.0,0.01,5.004518,232.3057,3.0,100.0,central_park,40.7829,-73.9654
2025-01-17 21:00:00+00:00,3.9,56.79094,0.5090008,0.0,0.0,0.01,5.0432134,177.95464,3.0,87.0,central_park,40.7829,-73.9654
2025-01-17 22:00:00+00:00,2.45,61.749767,-1.2648039,0.0,0.0,0.01,7.0591216,199.35909,1.0,27.0,central_park,40.7829,-73.9654
2025-01-17 23:00:00+00:00,1.45,62.204693,-2.5020752,0.0,0.0,0.01,8.019601,225.90929,0.0,3.0,central_park,40.7829,-73.9654
2025-01-18 00:00:00+00:00,0.95,63.27026,-3.0983474,0.0,0.0,0.01,8.490582,212.00534,1.0,35.0,central_park,40.7829,-73.9654
2025-01-18 01:00:00+00:00,0.85,64.699425,-2.9094424,0.0,0.0,0.01,6.66,198.92474,0.0,0.0,central_park,40.7829,-73.9654
2025-01-18 02:00:00+00:00,0.55,66.615875,-3.4372206,0.0,0.0,0.01,8.297589,192.5288,0.0,4.0,central_park,40.7829,-73.9654
2025-01-18 03:00:00+00:00,-0.1,70.35449,-4.0863876,0.0,0.0,0.01,8.36758,198.8248,0.0,0.0,central_park,40.7829,-73.9654
2025-01-18 04:00:00+00:00,-0.2,67.97807,-4.5915356,0.0,0.0,0.01,10.730778,202.69383,0.0,0.0,central_park,40.7829,-73.9654
2025-01-18 05:00:00+00:00,-0.45,68.701775,-4.814685,0.0,0.0,0.01,10.472535,208.76755,3.0,98.0,central_park,40.7829,-73.9654
2025-01-18 06:00:00+00:00,-0.75,70.755264,-4.9798284,0.0,0.0,0.01,9.621163,197.41806,3.0,99.0,central_park,40.7829,-73.9654
2025-01-18 07:00:00+00:00,-0.8,72.37199,-5.1357765,0.0,0.0,0.01,10.534229,196.88687,3.0,99.0,central_park,40.7829,-73.9654
2025-01-18 08:00:00+00:00,-0.8,72.37199,-5.077948,0.0,0.0,0.01,10.137692,196.50444,1.0,24.0,central_park,40.7829,-73.9654
2025-01-18 09:00:00+00:00,-0.55,70.26173,-4.9763436,0.0,0.0,0.01,11.043261,199.0257,3.0,96.0,central_park,40.7829,-73.9654
2025-01-18 10:00:00+00:00,-0.2,69.804214,-4.6253915,0.0,0.0,0.01,11.225132,195.81926,3.0,100.0,central_park,40.7829,-73.9654
2025-01-18 11:00:00+00:00,0.25,70.95831,-4.035697,0.0,0.0,0.01,10.7714615,189.61966,3.0,100.0,central_park,40.7829,-73.9654
2025-01-18 12:00:00+00:00,0.75,73.2167,-3.5321038,0.0,0.0,0.01,11.481968,189.01924,3.0,100.0,central_park,40.7829,-73.9654
2025-01-18 13:00:00+00:00,2.1,72.92947,-2.1860423,0.0,0.0,0.01,12.606426,189.86574,3.0,100.0,central_park,40.7829,-73.9654
2025-01-18 14:00:00+00:00,3.4,72.90731,-0.74780774,0.0,0.0,0.01,12.849528,191.30989,3.0,100.0,central_park,40.7829,-73.9654
2025-01-18 15:00:00+00:00,5.15,72.708534,1.6316967,0.0,0.0,0.01,10.259999,180.0,3.0,100.0,central_park,40.7829,-73.9654
2025-01-18 16:00:00+00:00,6.0,69.54443,1.8869162,0.0,0.0,0.01,14.561099,171.46931,3.0,100.0,central_park,40.7829,-73.9654
2025-01-18 17:00:00+00:00,6.45,74.52887,2.6012702,0.0,0.0,0.01,14.383114,171.36295,3.0,100.0,central_park,40.7829,-73.9654
2025-01-18 18:00:00+00:00,6.2,81.395,2.8980966,0.1,0.0,0.01,11.892265,182.60251,51.0,100.0,central_park,40.7829,-73.9654
2025-01-18 19:00:00+00:00,5.8,86.371735,3.031454,0.6,0.0,0.01,8.827344,177.66275,53.0,100.0,central_park,40.7829,-73.9654
2025-01-18 20:00:00+00:00,5.0,93.24809,2.8846068,0.6,0.0,0.01,4.752136,142.69597,53.0,100.0,central_park,40.7829,-73.9654
2025-01-18 21:00:00+00:00,5.0,94.56526,3.0770473,0.2,0.0,0.01,3.7064266,150.9455,51.0,100.0,central_park,40.7829,-73.9654
2025-01-18 22:00:00+00:00,4.6,93.555725,2.7799234,0.7,0.0,0.01,2.2553935,151.38963,53.0,100.0,central_park,40.7829,-73.9654
2025-01-18 23:00:00+00:00,4.1,95.86952,2.0385814,0.0,0.0,0.01,3.710795,165.96373,3.0,100.0,central_park,40.7829,-73.9654
2025-01-19 00:00:00+00:00,3.95,96.884,1.481431,0.0,0.0,0.01,6.502461,228.36655,2.0,79.0,central_park,40.7829,-73.9654
2025-01-19 01:00:00+00:00,4.5,97.57959,2.2022862,0.0,0.0,0.01,6.206738,253.14151,1.0,45.0,central_park,40.7829,-73.9654
2025-01-19 02:00:00+00:00,3.75,97.2215,1.4116931,0.0,0.0,0.01,5.4119864,266.186,3.0,82.0,central_park,40.7829,-73.9654
2025-01-19 03:00:00+00:00,2.95,96.85899,0.18483067,0.0,0.0,0.01,7.256032,262.8751,1.0,22.0,central_park,40.7829,-73.9654
2025-01-19 04:00:00+00:00,2.15,95.804886,-1.1308019,0.0,0.0,0.01,9.6480665,278.58353,1.0,21.0,central_park,40.7829,-73.9654
2025-01-19 05:00:00+00:00,1.5,95.783005,-1.7193899,0.0,0.0,0.01,8.482947,287.2816,0.0,1.0,central_park,40.7829,-73.9654
2025-01-19 06:00:00+00:00,1.0,95.07607,-2.3264227,0.0,0.0,0.01,8.557102,292.24908,0.0,1.0,central_park,40.7829,-73.9654
2025-01-19 07:00:00+00:00,0.65,94.3748,-2.6508918,0.0,0.0,0.01,7.9036193,300.06848,0.0,1.0,central_park,40.7829,-73.9654
2025-01-19 08:00:00+00:00,0.75,93.35716,-2.965042,0.0,0.0,0.01,10.691453,315.0001,0.0,1.0,central_park,40.7829,-73.9654
2025-01-19 09:00:00+00:00,0.75,93.01865,-2.8113859,0.0,0.0,0.01,9.585739,325.71307,0.0,0.0,central_park,40.7829,-73.9654
2025-01-19 10:00:00+00:00,0.45,93.34131,-3.1637764,0.0,0.0,0.01,9.686609,318.01288,0.0,0.0,central_park,40.7829,-73.9654
2025-01-19 11:00:00+00:00,0.15,93.3254,-3.4877923,0.0,0.0,0.01,9.54679,314.23618,1.0,20.0,central_park,40.7829,-73.9654
2025-01-19 12:00:00+00:00,-0.25,92.284035,-4.043309,0.0,0.0,0.01,10.070353,331.14444,2.0,78.0,central_park,40.7829,-73.9654
2025-01-19 13:00:00+00:00,1.7,89.768684,-1.7491155,0.0,0.0,0.01,9.292255,338.40463,3.0,100.0,central_park,40.7829,-73.9654
2025-01-19 14:00:00+00:00,2.2,89.48502,-0.76760936,0.0,0.0,0.01,6.4799995,360.0,3.0,100.0,central_park,40.7829,-73.9654
2025-01-19 15:00:00+00:00,2.55,86.3451,-0.9162011,0.0,0.0,0.01,9.734988,3.179772,3.0,100.0,central_park,40.7829,-73.9654
2025-01-19 16:00:00+00:00,2.35,86.32435,-0.9382491,0.1,0.0,0.01,8.297589,3.7313232,51.0,100.0,central_park,40.7829,-73.9654
2025-01-19 17:00:00+00:00,2.05,85.04955,-1.5588217,0.2,0.0,0.01,9.96524,16.798458,51.0,100.0,central_park,40.7829,-73.9654
2025-01-19 18:00:00+00:00,1.9,79.33437,-1.6508803,0.1,0.0,0.01,8.459999,360.0,51.0,100.0,central_park,40.7829,-73.9654
2025-01-19 19:00:00+00:00,1.45,81.03311,-1.9675031,0.3,0.21000001,0.01,7.3997297,355.81516,73.0,100.0,central_park,40.7829,-73.9654
2025-01-19 20:00:00+00:00,1.0,84.93031,-2.597557,0.9,0.63,0.01,8.827344,20.282646,73.0,100.0,central_park,40.7829,-73.9654
2025-01-19 21:00:00+00:00,0.4,89.01063,-3.9154599,0.6,0.42000002,0.01,13.797912,7.495768,73.0,100.0,central_park,40.7829,-73.9654
2025-01-19 22:00:00+00:00,-0.05,88.32015,-4.4516582,0.4,0.21000001,0.02,13.86,360.0,73.0,100.0,central_park,40.7829,-73.9654
2025-01-19 23:00:00+00:00,-0.95,88.23819,-5.967847,1.1,0.77,0.02,17.259363,352.208,73.0,100.0,central_park,40.7829,-73.9654
2025-01-20 00:00:00+00:00,-1.65,88.833466,-6.9525146,2.0,1.4,0.03,18.687086,352.8066,75.0,100.0,central_park,40.7829,-73.9654
2025-01-20 01:00:00+00:00,-1.35,89.52216,-6.2643194,1.6,1.12,0.04,16.372087,345.35257,75.0,100.0,central_park,40.7829,-73.9654
2025-01-20 02:00:00+00:00,-1.8,87.504036,-7.1787157,0.9,0.63,0.04,18.913708,351.79288,73.0,100.0,central_park,40.7829,-73.9654
2025-01-20 03:00:00+00:00,-2.35,84.22257,-7.571194,0.2,0.14,0.05,16.985933,347.1419,71.0,96.0,central_park,40.7829,-73.9654
2025-01-20 04:00:00+00:00,-2.75,83.22406,-7.790579,0.0,0.0,0.05,15.3264475,326.49655,3.0,100.0,central_park,40.7829,-73.9654
2025-01-20 05:00:00+00:00,-3.75,81.52249,-8.841252,0.1,0.07,0.05,14.773164,316.9749,71.0,100.0,central_park,40.7829,-73.9654
2025-01-20 06:00:00+00:00,-5.05,77.94257,-10.289463,0.1,0.07,0.05,14.589996,308.991,71.0,100.0,central_park,40.7829,-73.9654
2025-01-20 07:00:00+00:00,-5.95,74.21306,-11.397524,0.0,0.0,0.05,15.15104,313.55594,3.0,97.0,central_park,40.7829,-73.9654
2025-01-20 08:00:00+00:00,-6.95,69.72987,-12.807749,0.0,0.0,0.05,17.063011,313.29022,0.0,17.0,central_park,40.7829,-73.9654
2025-01-20 09:00:00+00:00,-8.25,66.69143,-14.077275,0.0,0.0,0.05,16.037182,315.0001,0.0,0.0,central_park,40.7829,-73.9654
2025-01-20 10:00:00+00:00,-8.95,65.44897,-14.571745,0.0,0.0,0.05,14.2575445,313.97705,0.0,0.0,central_park,40.7829,-73.9654
2025-01-20 11:00:00+00:00,-9.5,65.31674,-14.919007,0.0,0.0,0.05,12.652604,309.8055,0.0,0.0,central_park,40.7829,-73.9654
2025-01-20 12:00:00+00:00,-9.95,65.47773,-15.3296795,0.0,0.0,0.05,12.232057,302.98853,0.0,0.0,central_park,40.7829,-73.9654
2025-01-20 13:00:00+00:00,-9.5,68.05206,-14.981091,0.0,0.0,0.05,13.272482,290.64706,0.0,0.0,central_park,40.7829,-73.9654
2025-01-20 14:00:00+00:00,-9.0,67.336205,-14.277439,0.0,0.0,0.05,12.016938,286.5349,0.0,0.0,central_park,40.7829,-73.9654
2025-01-20 15:00:00+00:00,-7.95,65.68763,-12.54996,0.0,0.0,0.05,7.6642804,279.46225,0.0,0.0,central_park,40.7829,-73.9654
2025-01-20 16:00:00+00:00,-6.4,61.197697,-10.823828,0.0,0.0,0.05,6.7205353,277.69595,0.0,0.0,central_park,40.7829,-73.9654
2025-01-20 17:00:00+00:00,-5.2,55.631153,-10.940014,0.0,0.0,0.05,15.725037,285.94547,2.0,64.0,central_park,40.7829,-73.9654
2025-01-20 18:00:00+00:00,-4.75,55.309593,-10.18591,0.0,0.0,0.05,13.797912,277.49576,2.0,59.0,central_park,40.7829,-73.9654
2025-01-20 19:00:00+00:00,-4.6,52.525795,-9.786863,0.0,0.0,0.05,11.866355,279.60513,3.0,83.0,central_park,40.7829,-73.9654
2025-01-20 20:00:00+00:00,-4.95,52.424614,-10.00708,0.0,0.0,0.05,10.823973,273.814,1.0,39.0,central_park,40.7829,-73.9654
2025-01-20 21:00:00+00:00,-5.7,55.716866,-10.435577,0.0,0.0,0.05,8.64,270.0,2.0,66.0,central_park,40.7829,-73.9654
2025-01-20 22:00:00+00:00,-6.75,62.607586,-11.247393,0.0,0.0,0.05,7.2022495,268.56793,3.0,81.0,central_park,40.7829,-73.9654
2025-01-20 23:00:00+00:00,-7.4,68.24835,-11.6313,0.0,0.0,0.05,5.5799994,270.0,3.0,93.0,central_park,40.7829,-73.9654
2025-01-21 00:00:00+00:00,-7.7,72.70791,-11.925175,0.0,0.0,0.05,5.771239,266.42374,3.0,99.0,central_park,40.7829,-73.9654
2025-01-21 01:00:00+00:00,-8.05,64.605255,-13.074161,0.0,0.0,0.05,10.446206,268.02512,1.0,21.0,central_park,40.7829,-73.9654
2025-01-21 02:00:00+00:00,-9.0,63.06547,-14.080043,0.0,0.0,0.05,10.3480425,283.0693,0.0,2.0,central_park,40.7829,-73.9654
2025-01-21 03:00:00+00:00,-9.95,64.67172,-14.892384,0.0,0.0,0.05,9.178235,281.3099,0.0,0.0,central_park,40.7829,-73.9654
2025-01-21 04:00:00+00:00,-10.75,65.55625,-15.620238,0.0,0.0,0.05,8.467655,272.43658,0.0,0.0,central_park,40.7829,-73.9654
2025-01-21 05:00:00+00:00,-11.55,67.30162,-16.469212,0.0,0.0,0.05,8.647496,267.6141,0.0,0.0,central_park,40.7829,-73.9654
2025-01-21 06:00:00+00:00,-12.0,67.196655,-17.098518,0.0,0.0,0.05,9.726665,267.87894,0.0,0.0,central_park,40.7829,-73.9654
2025-01-21 07:00:00+00:00,-12.4,66.82161,-17.423153,0.0,0.0,0.05,9.0645685,276.84268,0.0,1.0,central_park,40.7829,-73.9654
2025-01-21 08:00:00+00:00,-13.1,67.79195,-17.977211,0.0,0.0,0.05,7.9077177,281.82147,1.0,22.0,central_park,40.7829,-73.9654
2025-01-21 09:00:00+00:00,-13.75,68.21753,-18.507906,0.0,0.0,0.05,6.924738,278.97253,1.0,29.0,central_park,40.7829,-73.9654
2025-01-21 10:00:00+00:00,-15.2,69.0577,-19.814098,0.0,0.0,0.05,5.5887027,255.06853,1.0,47.0,central_park,40.7829,-73.9654
2025-01-21 11:00:00+00:00,-15.5,69.28695,-20.168577,0.0,0.0,0.05,5.896202,257.66092,1.0,45.0,central_park,40.7829,-73.9654
2025-01-21 12:00:00+00:00,-15.35,69.91837,-20.138632,0.0,0.0,0.05,6.7853074,248.19853,2.0,53.0,central_park,40.7829,-73.9654
2025-01-21 13:00:00+00:00,-14.5,66.89089,-19.358006,0.0,0.0,0.05,7.342588,258.6901,1.0,39.0,central_park,40.7829,-73.9654
2025-01-21 14:00:00+00:00,-13.35,64.92176,-18.138557,0.0,0.0,0.05,7.0774574,277.30566,2.0,62.0,central_park,40.7829,-73.9654
2025-01-21 15:00:00+00:00,-11.9,62.32632,-16.597158,0.0,0.0,0.05,6.7205353,290.37653,2.0,79.0,central_park,40.7829,-73.9654
2025-01-21 16:00:00+00:00,-10.4,58.90483,-14.896309,0.0,0.0,0.05,5.5829024,268.15244,3.0,100.0,central_park,40.7829,-73.9654
2025-01-21 17:00:00+00:00,-9.3,56.08614,-13.740643,0.0,0.0,0.05,5.3517847,250.34608,3.0,86.0,central_park,40.7829,-73.9654
2025-01-21 18:00:00+00:00,-8.6,53.099606,-13.152944,0.0,0.0,0.05,6.1226463,245.69547,3.0,89.0,central_park,40.7829,-73.9654
2025-01-21 19:00:00+00:00,-8.2,49.988953,-12.932888,0.0,0.0,0.05,7.2403865,235.1246,3.0,99.0,central_park,40.7829,-73.9654
2025-01-21 20:00:00+00:00,-8.25,48.73269,-13.152213,0.0,0.0,0.05,8.287822,235.6196,3.0,100.0,central_park,40.7829,-73.9654
2025-01-21 21:00:00+00:00,-8.5,50.742348,-13.478743,0.0,0.0,0.05,8.893166,234.0578,3.0,100.0,central_park,40.7829,-73.9654
2025-01-21 22:00:00+00:00,-8.85,56.917385,-13.710294,0.0,0.0,0.05,8.43699,236.3099,3.0,100.0,central_park,40.7829,-73.9654
2025-01-21 23:00:00+00:00,-9.15,61.4886,-14.05766,0.1,0.07,0.05,8.996398,250.11475,71.0,100.0,central_park,40.7829,-73.9654
2025-01-22 00:00:00+00:00,-9.45,64.527794,-14.398901,0.1,0.07,0.05,9.391102,257.82855,71.0,100.0,central_park,40.7829,-73.9654
2025-01-22 01:00:00+00:00,-9.05,63.312607,-13.879047,0.0,0.0,0.05,8.626865,246.64441,3.0,100.0,central_park,40.7829,-73.9654
2025-01-22 02:00:00+00:00,-9.35,65.89154,-14.417269,0.1,0.07,0.05,10.337079,262.99884,71.0,100.0,central_park,40.7829,-73.9654
2025-01-22 03:00:00+00:00,-9.65,65.012314,-14.73942,0.0,0.0,0.05,10.316686,276.0089,3.0,99.0,central_park,40.7829,-73.9654
2025-01-22 04:00:00+00:00,-10.05,64.114586,-15.291586,0.0,0.0,0.05,11.157097,287.8504,3.0,100.0,central_park,40.7829,-73.9654
2025-01-22 05:00:00+00:00,-10.8,64.73173,-15.807486,0.0,0.0,0.05,9.339208,297.55273,3.0,90.0,central_park,40.7829,-73.9654
2025-01-22 06:00:00+00:00,-11.6,65.62449,-16.615988,0.0,0.0,0.05,9.194106,293.05133,0.0,6.0,central_park,40.7829,-73.9654
2025-01-22 07:00:00+00:00,-13.1,67.22171,-17.841692,0.0,0.0,0.05,6.9480934,306.57312,0.0,0.0,central_park,40.7829,-73.9654
2025-01-22 08:00:00+00:00,-14.95,66.49725,-19.5568,0.0,0.0,0.05,5.48631,318.991,0.0,0.0,central_park,40.7829,-73.9654
2025-01-22 09:00:00+00:00,-15.5,65.22697,-20.099884,0.0,0.0,0.05,5.2478566,329.03632,0.0,0.0,central_park,40.7829,-73.9654
2025-01-22 10:00:00+00:00,-15.8,64.87043,-20.469208,0.0,0.0,0.05,5.637765,343.3007,0.0,10.0,central_park,40.7829,-73.9654
2025-01-22 11:00:00+00:00,-16.15,64.50128,-20.852507,0.0,0.0,0.05,5.771239,356.42374,0.0,0.0,central_park,40.7829,-73.9654
2025-01-22 12:00:00+00:00,-16.3,65.88316,-20.977983,0.0,0.0,0.05,5.6262593,352.6477,0.0,0.0,central_park,40.7829,-73.9654
2025-01-22 13:00:00+00:00,-14.65,60.813362,-19.249743,0.0,0.0,0.05,5.2478566,337.8336,0.0,0.0,central_park,40.7829,-73.9654
2025-01-22 14:00:00+00:00,-12.55,57.082092,-17.264956,0.0,0.0,0.05,6.3639607,331.26028,0.0,0.0,central_park,40.7829,-73.9654
2025-01-22 15:00:00+00:00,-11.15,53.47617,-16.317474,0.0,0.0,0.05,9.621163,342.58194,0.0,0.0,central_park,40.7829,-73.9654
2025-01-22 16:00:00+00:00,-9.8,48.25858,-14.761887,0.0,0.0,0.05,8.227004,349.91946,0.0,0.0,central_park,40.7829,-73.9654
2025-01-22 17:00:00+00:00,-9.0,43.24446,-13.695591,0.0,0.0,0.05,6.2483597,348.3664,0.0,0.0,central_park,40.7829,-73.9654
2025-01-22 18:00:00+00:00,-8.55,40.345158,-12.823234,0.0,0.0,0.05,3.244996,340.55988,0.0,0.0,central_park,40.7829,-73.9654
2025-01-22 19:00:00+00:00,-8.3,39.061283,-12.478818,0.0,0.0,0.05,2.5582807,309.28937,0.0,0.0,central_park,40.7829,-73.9654
2025-01-22 20:00:00+00:00,-8.25,38.411003,-12.229507,0.0,0.0,0.05,1.1525624,321.34018,0.0,0.0,central_park,40.7829,-73.9654
2025-01-22 21:00:00+00:00,-8.9,43.647377,-12.713455,0.0,0.0,0.05,0.25455844,224.9999,0.0,5.0,central_park,40.7829,-73.9654
2025-01-22 22:00:00+00:00,-10.35,41.17585,-14.3128395,0.0,0.0,0.05,0.76367533,224.9999,1.0,39.0,central_park,40.7829,-73.9654
2025-01-22 23:00:00+00:00,-10.9,42.45394,-14.874096,0.0,0.0,0.05,0.8049845,206.56499,3.0,99.0,central_park,40.7829,-73.9654
2025-01-23 00:00:00+00:00,-11.3,44.790955,-15.265506,0.0,0.0,0.05,0.8049845,206.56499,3.0,100.0,central_park,40.7829,-73.9654
2025-01-23 01:00:00+00:00,-9.65,52.792103,-13.731151,0.0,0.0,0.05,2.5455842,171.86998,3.0,91.0,central_park,40.7829,-73.9654
2025-01-23 02:00:00+00:00,-9.95,50.73501,-13.93514,0.0,0.0,0.05,1.659518,167.4712,3.0,93.0,central_park,40.7829,-73.9654
2025-01-23 03:00:00+00:00,-10.85,49.184418,-14.877317,0.0,0.0,0.05,1.609969,206.56499,1.0,40.0,central_park,40.7829,-73.9654
2025-01-23 04:00:00+00:00,-11.65,50.65435,-16.016167,0.0,0.0,0.05,3.8268526,228.81418,2.0,65.0,central_park,40.7829,-73.9654
2025-01-23 05:00:00+00:00,-11.85,49.51451,-16.01718,0.0,0.0,0.05,2.3469129,212.47118,1.0,46.0,central_park,40.7829,-73.9654
2025-01-23 06:00:00+00:00,-12.45,51.73625,-16.87658,0.0,0.0,0.05,4.1125174,246.80139,0.0,16.0,central_park,40.7829,-73.9654
2025-01-23 07:00:00+00:00,-12.65,53.723763,-17.20871,0.0,0.0,0.05,5.0816135,247.06787,3.0,85.0,central_park,40.7829,-73.9654
2025-01-23 08:00:00+00:00,-12.1,55.52482,-16.57186,0.0,0.0,0.05,4.724786,252.25523,3.0,100.0,central_park,40.7829,-73.9654
2025-01-23 09:00:00+00:00,-11.5,57.376797,-15.878277,0.0,0.0,0.05,4.353619,262.8751,3.0,100.0,central_park,40.7829,-73.9654
2025-01-23 10:00:00+00:00,-10.15,60.46805,-14.238309,0.0,0.0,0.05,2.968636,284.03625,3.0,100.0,central_park,40.7829,-73.9654
2025-01-23 11:00:00+00:00,-10.0,59.013393,-13.770982,0.0,0.0,0.05,0.742159,284.03625,3.0,100.0,central_park,40.7829,-73.9654
2025-01-23 12:00:00+00:00,-10.45,60.641335,-14.212358,0.0,0.0,0.05,0.6489992,146.3099,3.0,99.0,central_park,40.7829,-73.9654
2025-01-23 13:00:00+00:00,-11.2,62.245094,-15.176957,0.0,0.0,0.05,1.9881649,174.80566,3.0,80.0,central_park,40.7829,-73.9654
2025-01-23 14:00:00+00:00,-9.3,54.24211,-13.243376,0.0,0.0,0.05,1.8089776,185.7105,2.0,75.0,central_park,40.7829,-73.9654
2025-01-23 15:00:00+00:00,-7.7,44.211647,-11.743549,0.0,0.0,0.05,2.19718,214.9921,2.0,62.0,central_park,40.7829,-73.9654
2025-01-23 16:00:00+00:00,-6.3,46.352707,-10.349672,0.0,0.0,0.05,2.8460495,214.69522,3.0,91.0,central_park,40.7829,-73.9654
2025-01-23 17:00:00+00:00,-5.2,50.881905,-9.4944935,0.0,0.0,0.05,5.3426957,212.61923,3.0,85.0,central_park,40.7829,-73.9654
2025-01-23 18:00:00+00:00,-4.15,53.941372,-8.619879,0.0,0.0,0.05,7.289445,212.90524,0.0,1.0,central_park,40.7829,-73.9654
2025-01-23 19:00:00+00:00,-3.7,52.362938,-8.128463,0.0,0.0,0.05,7.029225,219.80553,0.0,0.0,central_park,40.7829,-73.9654
2025-01-23 20:00:00+00:00,-3.65,49.10952,-8.168946,0.0,0.0,0.05,7.3094187,232.0012,0.0,0.0,central_park,40.7829,-73.9654
2025-01-23 21:00:00+00:00,-4.4,50.29526,-8.592573,0.0,0.0,0.05,4.896529,252.89719,0.0,0.0,central_park,40.7829,-73.9654
2025-01-23 22:00:00+00:00,-6.45,50.512127,-10.884426,0.0,0.0,0.05,5.8104043,253.81071,0.0,0.0,central_park,40.7829,-73.9654
2025-01-23 23:00:00+00:00,-7.25,50.903095,-11.827385,0.0,0.0,0.05,6.552099,232.81522,0.0,0.0,central_park,40.7829,-73.9654
2025-01-24 00:00:00+00:00,-7.75,55.14018,-12.291894,0.0,0.0,0.05,6.489992,250.55988,0.0,0.0,central_park,40.7829,-73.9654
2025-01-24 01:00:00+00:00,-6.45,55.96146,-11.189214,0.0,0.0,0.05,8.39078,247.28555,0.0,1.0,central_park,40.7829,-73.9654
2025-01-24 02:00:00+00:00,-6.95,61.30376,-11.66735,0.0,0.0,0.05,8.513448,256.55136,0.0,1.0,central_park,40.7829,-73.9654
2025-01-24 03:00:00+00:00,-7.25,64.27753,-11.898538,0.0,0.0,0.05,8.171683,262.40546,0.0,2.0,central_park,40.7829,-73.9654
2025-01-24 04:00:00+00:00,-7.4,64.501396,-12.162561,0.0,0.0,0.05,8.909545,261.87,0.0,3.0,central_park,40.7829,-73.9654
2025-01-24 05:00:00+00:00,-7.45,64.2287,-12.2909,0.0,0.0,0.05,9.403169,264.50778,0.0,0.0,central_park,40.7829,-73.9654
2025-01-24 06:00:00+00:00,-7.4,64.762825,-12.283627,0.0,0.0,0.05,9.761578,264.71002,0.0,0.0,central_park,40.7829,-73.9654
2025-01-24 07:00:00+00:00,-7.8,67.06652,-12.469002,0.0,0.0,0.05,8.311245,265.03033,0.0,0.0,central_park,40.7829,-73.9654
2025-01-24 08:00:00+00:00,-8.45,70.252556,-12.887191,0.0,0.0,0.05,6.698806,263.82993,0.0,0.0,central_park,40.7829,-73.9654
2025-01-24 09:00:00+00:00,-8.95,73.04666,-13.368425,0.0,0.0,0.05,6.5693827,260.53775,0.0,0.0,central_park,40.7829,-73.9654
2025-01-24 10:00:00+00:00,-8.9,75.149925,-13.358549,0.0,0.0,0.05,7.0223074,268.53122,0.0,0.0,central_park,40.7829,-73.9654
2025-01-24 11:00:00+00:00,-8.65,76.72154,-13.164635,0.0,0.0,0.05,7.6367526,278.13,0.0,0.0,central_park,40.7829,-73.9654
2025-01-24 12:00:00+00:00,-8.8,78.56412,-13.282526,0.0,0.0,0.05,7.486788,279.68872,0.0,0.0,central_park,40.7829,-73.9654
2025-01-24 13:00:00+00:00,-8.1,69.76213,-12.90353,0.0,0.0,0.05,9.321845,280.0079,0.0,0.0,central_park,40.7829,-73.9654
2025-01-24 14:00:00+00:00,-6.55,68.7113,-11.015412,0.0,0.0,0.05,7.613382,276.78888,0.0,0.0,central_park,40.7829,-73.9654
2025-01-24 15:00:00+00:00,-4.5,63.41808,-8.782356,0.0,0.0,0.05,6.8423676,271.5074,0.0,0.0,central_park,40.7829,-73.9654
2025-01-24 16:00:00+00:00,-2.8,58.559505,-7.4347773,0.0,0.0,0.05,9.582359,264.61078,0.0,0.0,central_park,40.7829,-73.9654
2025-01-24 17:00:00+00:00,-1.95,52.864105,-6.812067,0.0,0.0,0.05,10.873252,276.65433,0.0,0.0,central_park,40.7829,-73.9654
2025-01-24 18:00:00+00:00,-1.4,50.368816,-6.2506366,0.0,0.0,0.05,10.742848,278.6731,0.0,0.0,central_park,40.7829,-73.9654
2025-01-24 19:00:00+00:00,-1.0,47.5762,-5.814863,0.0,0.0,0.05,10.316686,276.0089,0.0,0.0,central_park,40.7829,-73.9654
2025-01-24 20:00:00+00:00,-0.9,44.66925,-5.4210377,0.0,0.0,0.05,7.9526596,275.19434,0.0,0.0,central_park,40.7829,-73.9654
2025-01-24 21:00:00+00:00,-2.0,50.997932,-5.9967175,0.0,0.0,0.05,4.68,270.0,0.0,0.0,central_park,40.7829,-73.9654
2025-01-24 22:00:00+00:00,-4.25,49.933334,-8.158265,0.0,0.0,0.05,2.968636,255.96373,0.0,1.0,central_park,40.7829,-73.9654
2025-01-24 23:00:00+00:00,-5.5,55.099384,-9.576149,0.0,0.0,0.05,4.14,270.0,1.0,23.0,central_park,40.7829,-73.9654
2025-01-25 00:00:00+00:00,-6.4,58.534584,-10.491648,0.0,0.0,0.05,4.2021422,279.86575,3.0,85.0,central_park,40.7829,-73.9654
2025-01-25 01:00:00+00:00,-6.05,60.308517,-10.1401205,0.0,0.0,0.05,4.5,270.0,2.0,77.0,central_park,40.7829,-73.9654
2025-01-25 02:00:00+00:00,-7.1,62.266777,-11.164918,0.0,0.0,0.05,4.060985,257.19574,2.0,50.0,central_park,40.7829,-73.9654
2025-01-25 03:00:00+00:00,-8.1,66.726326,-12.321626,0.0,0.0,0.05,5.0911684,261.87,0.0,14.0,central_park,40.7829,-73.9654
2025-01-25 04:00:00+00:00,-8.45,68.28886,-12.282574,0.0,0.0,0.05,2.4014995,282.99463,0.0,13.0,central_park,40.7829,-73.9654
2025-01-25 05:00:00+00:00,-9.25,71.23091,-13.007813,0.0,0.0,0.05,1.781909,315.0001,0.0,4.0,central_park,40.7829,-73.9654
2025-01-25 06:00:00+00:00,-9.9,73.75403,-13.652245,0.0,0.0,0.05,1.659518,319.39877,0.0,0.0,central_park,40.7829,-73.9654
2025-01-25 07:00:00+00:00,-10.5,76.70716,-14.2280035,0.0,0.0,0.05,1.4512063,299.74478,0.0,0.0,central_park,40.7829,-73.9654
2025-01-25 08:00:00+00:00,-11.15,80.11594,-14.962417,0.0,0.0,0.05,1.9881649,275.19434,0.0,3.0,central_park,40.7829,-73.9654
2025-01-25 09:00:00+00:00,-11.45,81.722046,-15.213214,0.0,0.0,0.05,1.6299692,276.3401,0.0,3.0,central_park,40.7829,-73.9654
2025-01-25 10:00:00+00:00,-11.8,82.68031,-15.605031,0.0,0.0,0.05,1.835647,281.3099,0.0,2.0,central_park,40.7829,-73.9654
2025-01-25 11:00:00+00:00,-12.1,83.319145,-15.963973,0.0,0.0,0.05,2.16,270.0,0.0,0.0,central_park,40.7829,-73.9654
2025-01-25 12:00:00+00:00,-12.55,84.98684,-16.403963,0.0,0.0,0.05,2.0124612,280.30478,0.0,0.0,central_park,40.7829,-73.9654
2025-01-25 13:00:00+00:00,-10.95,73.85181,-15.187802,0.0,0.0,0.05,4.5891175,281.3099,0.0,0.0,central_park,40.7829,-73.9654
2025-01-25 14:00:00+00:00,-8.05,68.37843,-12.155325,0.0,0.0,0.05,4.445672,248.6293,0.0,0.0,central_park,40.7829,-73.9654
2025-01-25 15:00:00+00:00,-5.9,62.318768,-10.120789,0.0,0.0,0.05,5.6492476,247.52052,0.0,6.0,central_park,40.7829,-73.9654
2025-01-25 16:00:00+00:00,-4.4,58.13307,-8.745003,0.0,0.0,0.05,6.76618,241.38963,1.0,45.0,central_park,40.7829,-73.9654
2025-01-25 17:00:00+00:00,-3.55,52.82783,-8.251844,0.0,0.0,0.05,9.021574,241.38963,0.0,10.0,central_park,40.7829,-73.9654
2025-01-25 18:00:00+00:00,-2.85,50.54776,-7.873698,0.0,0.0,0.05,11.276968,241.38963,2.0,57.0,central_park,40.7829,-73.9654
2025-01-25 19:00:00+00:00,-2.45,51.47867,-7.541175,0.0,0.0,0.05,12.033103,235.359,3.0,88.0,central_park,40.7829,-73.9654
2025-01-25 20:00:00+00:00,-2.15,51.56541,-7.1783476,0.0,0.0,0.04,11.753876,229.9698,3.0,83.0,central_park,40.7829,-73.9654
2025-01-25 21:00:00+00:00,-2.45,54.8526,-7.062898,0.0,0.0,0.04,9.1641035,224.9999,2.0,79.0,central_park,40.7829,-73.9654
2025-01-25 22:00:00+00:00,-3.25,58.67152,-7.742536,0.0,0.0,0.04,8.39078,215.39488,3.0,82.0,central_park,40.7829,-73.9654
2025-01-25 23:00:00+00:00,-3.4,60.038147,-8.080056,0.0,0.0,0.04,9.7565975,217.50421,1.0,46.0,central_park,40.7829,-73.9654
2025-01-26 00:00:00+00:00,-3.65,61.41119,-8.420629,0.0,0.0,0.04,10.404249,217.26648,2.0,67.0,central_park,40.7829,-73.9654
2025-01-26 01:00:00+00:00,-3.05,56.22556,-7.906583,0.0,0.0,0.04,10.703569,222.27362,1.0,20.0,central_park,40.7829,-73.9654
2025-01-26 02:00:00+00:00,-3.25,59.840702,-8.00293,0.0,0.0,0.04,10.310402,224.29277,1.0,32.0,central_park,40.7829,-73.9654
2025-01-26 03:00:00+00:00,-3.75,63.8519,-8.173824,0.0,0.0,0.04,8.244708,216.11943,3.0,81.0,central_park,40.7829,-73.9654
2025-01-26 04:00:00+00:00,-4.25,66.03062,-8.475178,0.0,0.0,0.04,6.854195,209.93143,3.0,100.0,central_park,40.7829,-73.9654
2025-01-26 05:00:00+00:00,-4.9,67.99274,-9.015132,0.0,0.0,0.04,5.9617786,208.88649,3.0,96.0,central_park,40.7829,-73.9654
2025-01-26 06:00:00+00:00,-5.15,69.56376,-9.185396,0.0,0.0,0.04,5.441838,214.21576,3.0,100.0,central_park,40.7829,-73.9654
2025-01-26 07:00:00+00:00,-3.7,69.60112,-7.864098,0.0,0.0,0.04,7.127636,224.9999,3.0,99.0,central_park,40.7829,-73.9654
2025-01-26 08:00:00+00:00,-3.5,72.39675,-7.9358377,0.0,0.0,0.04,9.422101,223.45189,3.0,100.0,central_park,40.7829,-73.9654
2025-01-26 09:00:00+00:00,-2.85,72.245834,-7.655883,0.0,0.0,0.04,12.346741,224.40942,3.0,100.0,central_park,40.7829,-73.9654
2025-01-26 10:00:00+00:00,-2.25,71.536766,-7.155489,0.0,0.0,0.04,13.33094,235.45157,3.0,100.0,central_park,40.7829,-73.9654
2025-01-26 11:00:00+00:00,-1.9,71.0613,-6.787394,0.0,0.0,0.04,13.37825,246.19405,3.0,100.0,central_park,40.7829,-73.9654
2025-01-26 12:00:00+00:00,-1.8,71.35383,-6.580715,0.0,0.0,0.04,12.750811,251.0534,3.0,99.0,central_park,40.7829,-73.9654
2025-01-26 13:00:00+00:00,-1.65,66.11645,-6.2742863,0.0,0.0,0.04,11.103243,250.09616,2.0,77.0,central_park,40.7829,-73.9654
2025-01-26 14:00:00+00:00,-0.5,63.646824,-5.0160985,0.0,0.0,0.04,10.765445,249.44386,2.0,68.0,central_park,40.7829,-73.9654
2025-01-26 15:00:00+00:00,1.55,62.46458,-2.2502725,0.0,0.0,0.04,7.0934615,234.29321,3.0,93.0,central_park,40.7829,-73.9654
2025-01-26 16:00:00+00:00,3.45,54.576492,-1.4649823,0.0,0.0,0.04,14.739132,261.57312,3.0,99.0,central_park,40.7829,-73.9654
2025-01-26 17:00:00+00:00,3.75,51.063107,-1.5889275,0.0,0.0,0.04,17.194475,276.0089,3.0,96.0,central_park,40.7829,-73.9654
2025-01-26 18:00:00+00:00,4.0,48.302097,-1.0300643,0.0,0.0,0.04,14.713831,277.73352,3.0,95.0,central_park,40.7829,-73.9654
2025-01-26 19:00:00+00:00,4.05,49.808884,-0.748476,0.0,0.0,0.04,13.451914,282.3625,3.0,97.0,central_park,40.7829,-73.9654
2025-01-26 20:00:00+00:00,3.7,52.223396,-0.8807528,0.0,0.0,0.04,12.181625,288.9705,3.0,95.0,central_park,40.7829,-73.9654
2025-01-26 21:00:00+00:00,2.8,54.605556,-1.6991708,0.0,0.0,0.04,11.435313,298.1785,3.0,89.0,central_park,40.7829,-73.9654
2025-01-26 22:00:00+00:00,0.9,59.75208,-3.1836143,0.0,0.0,0.04,8.149847,300.52963,2.0,76.0,central_park,40.7829,-73.9654
2025-01-26 23:00:00+00:00,-1.5,66.405556,-5.4138117,0.0,0.0,0.04,6.3639607,298.7397,3.0,83.0,central_park,40.7829,-73.9654
2025-01-27 00:00:00+00:00,-3.4,68.85778,-7.320032,0.0,0.0,0.04,5.5450516,283.13403,1.0,33.0,central_park,40.7829,-73.9654
2025-01-27 01:00:00+00:00,-2.95,66.07319,-6.845704,0.0,0.0,0.04,5.318383,293.9625,2.0,56.0,central_park,40.7829,-73.9654
2025-01-27 02:00:00+00:00,-3.2,63.984898,-6.7992954,0.0,0.0,0.04,2.9024127,262.8751,3.0,86.0,central_park,40.7829,-73.9654
2025-01-27 03:00:00+00:00,-4.2,67.351456,-8.22544,0.0,0.0,0.04,5.6521144,232.76509,1.0,43.0,central_park,40.7829,-73.9654
2025-01-27 04:00:00+00:00,-4.4,66.51724,-8.451414,0.0,0.0,0.04,5.634891,243.43501,3.0,80.0,central_park,40.7829,-73.9654
2025-01-27 05:00:00+00:00,-3.8,66.13489,-7.8577147,0.0,0.0,0.04,5.95906,244.98314,3.0,99.0,central_park,40.7829,-73.9654
2025-01-27 06:00:00+00:00,-3.8,66.13489,-7.8457384,0.0,0.0,0.04,5.876938,229.9698,3.0,95.0,central_park,40.7829,-73.9654
2025-01-27 07:00:00+00:00,-3.25,66.52051,-7.601105,0.0,0.0,0.04,8.320986,231.14662,3.0,95.0,central_park,40.7829,-73.9654
2025-01-27 08:00:00+00:00,-2.9,68.16922,-7.3820176,0.0,0.0,0.04,9.614426,231.84273,3.0,100.0,central_park,40.7829,-73.9654
2025-01-27 09:00:00+00:00,-2.95,69.22253,-7.4163876,0.0,0.0,0.04,9.600937,239.589,3.0,94.0,central_park,40.7829,-73.9654
2025-01-27 10:00:00+00:00,-3.0,68.94429,-7.677503,0.0,0.0,0.04,10.9859,251.86182,1.0,36.0,central_park,40.7829,-73.9654
2025-01-27 11:00:00+00:00,-3.75,69.86189,-8.419625,0.0,0.0,0.04,10.594036,260.21765,0.0,0.0,central_park,40.7829,-73.9654
2025-01-27 12:00:00+00:00,-4.7,71.59681,-9.175652,0.0,0.0,0.04,8.909545,261.87,0.0,0.0,central_park,40.7829,-73.9654
2025-01-27 13:00:00+00:00,-3.55,63.15211,-7.8550954,0.0,0.0,0.04,7.458606,278.32556,0.0,0.0,central_park,40.7829,-73.9654
2025-01-27 14:00:00+00:00,-2.2,59.878036,-6.207404,0.0,0.0,0.04,5.7599998,270.0,0.0,0.0,central_park,40.7829,-73.9654
2025-01-27 15:00:00+00:00,-0.75,55.53886,-5.2135715,0.0,0.0,0.04,9.12513,247.98866,0.0,0.0,central_park,40.7829,-73.9654
2025-01-27 16:00:00+00:00,0.45,51.502502,-4.303984,0.0,0.0,0.04,11.207801,240.14108,0.0,0.0,central_park,40.7829,-73.9654
2025-01-27 17:00:00+00:00,1.1,49.52954,-4.1146927,0.0,0.0,0.04,14.428097,236.70642,0.0,0.0,central_park,40.7829,-73.9654
2025-01-27 18:00:00+00:00,1.7,49.13,-3.6454654,0.0,0.0,0.04,15.602999,230.6176,0.0,0.0,central_park,40.7829,-73.9654
2025-01-27 19:00:00+00:00,1.95,49.393166,-3.2938561,0.0,0.0,0.04,15.096411,230.80673,0.0,0.0,central_park,40.7829,-73.9654
2025-01-27 20:00:00+00:00,1.9,51.715946,-3.194112,0.0,0.0,0.04,14.428097,229.55385,0.0,0.0,central_park,40.7829,-73.9654
2025-01-27 21:00:00+00:00,1.35,51.162712,-3.6704235,0.0,0.0,0.04,13.5,233.13002,0.0,0.0,central_park,40.7829,-73.9654
2025-01-27 22:00:00+00:00,0.35,50.875767,-4.8452115,0.0,0.0,0.04,14.083778,231.22581,0.0,0.0,central_park,40.7829,-73.9654
2025-01-27 23:00:00+00:00,-0.2,50.321175,-5.6066484,0.0,0.0,0.04,15.156384,232.72174,0.0,0.0,central_park,40.7829,-73.9654
2025-01-28 00:00:00+00:00,-0.55,52.43391,-6.0340824,0.0,0.0,0.04,15.801087,227.77028,0.0,0.0,central_park,40.7829,-73.9654
2025-01-28 01:00:00+00:00,-0.1,48.221985,-5.6219482,0.0,0.0,0.04,15.696165,216.60716,0.0,2.0,central_park,40.7829,-73.9654
2025-01-28 02:00:00+00:00,0.3,51.45957,-5.4901404,0.0,0.0,0.04,18.222721,222.19748,2.0,64.0,central_park,40.7829,-73.9654
2025-01-28 03:00:00+00:00,0.65,55.491528,-4.9846106,0.0,0.0,0.04,17.968472,227.84221,1.0,43.0,central_park,40.7829,-73.9654
2025-01-28 04:00:00+00:00,0.65,57.666267,-4.9313097,0.0,0.0,0.04,17.935081,231.51978,3.0,81.0,central_park,40.7829,-73.9654
2025-01-28 05:00:00+00:00,0.85,54.068474,-4.7132444,0.0,0.0,0.04,17.381886,238.12044,3.0,92.0,central_park,40.7829,-73.9654
2025-01-28 06:00:00+00:00,1.3,47.510883,-4.3814864,0.0,0.0,0.04,17.419127,246.87912,3.0,99.0,central_park,40.7829,-73.9654
2025-01-28 07:00:00+00:00,1.05,48.183426,-4.569738,0.0,0.0,0.04,16.965895,252.71841,3.0,99.0,central_park,40.7829,-73.9654
2025-01-28 08:00:00+00:00,0.55,50.538227,-5.132119,0.0,0.0,0.04,17.482254,253.24417,3.0,98.0,central_park,40.7829,-73.9654
2025-01-28 09:00:00+00:00,0.4,52.29532,-5.221469,0.0,0.0,0.04,17.247156,251.75404,3.0,94.0,central_park,40.7829,-73.9654
2025-01-28 10:00:00+00:00,0.1,54.914318,-5.655149,0.0,0.0,0.04,18.379402,261.55255,0.0,14.0,central_park,40.7829,-73.9654
2025-01-28 11:00:00+00:00,-0.2,58.10986,-6.0954704,0.0,0.0,0.04,19.626604,262.09293,2.0,56.0,central_park,40.7829,-73.9654
2025-01-28 12:00:00+00:00,-0.25,61.31322,-6.1100173,0.0,0.0,0.04,19.811451,252.55272,2.0,78.0,central_park,40.7829,-73.9654
2025-01-28 13:00:00+00:00,2.15,49.26082,-3.6187851,0.0,0.0,0.04,18.792551,253.30067,2.0,53.0,central_park,40.7829,-73.9654
2025-01-28 14:00:00+00:00,3.05,49.71118,-2.6759815,0.0,0.0,0.04,19.13426,258.05585,3.0,100.0,central_park,40.7829,-73.9654
2025-01-28 15:00:00+00:00,3.7,50.279057,-1.7580347,0.0,0.0,0.04,17.828178,271.73566,0.0,17.0,central_park,40.7829,-73.9654
2025-01-28 16:00:00+00:00,4.1,46.344463,-2.2289503,0.0,0.0,0.04,23.304264,293.1986,1.0,39.0,central_park,40.7829,-73.9654
2025-01-28 17:00:00+00:00,3.4,48.127445,-2.8157585,0.0,0.0,0.03,22.42427,312.39737,3.0,100.0,central_park,40.7829,-73.9654
2025-01-28 18:00:00+00:00,1.35,48.459732,-4.7330904,0.0,0.0,0.03,20.35274,308.89722,0.0,10.0,central_park,40.7829,-73.9654
2025-01-28 19:00:00+00:00,1.0,46.140377,-4.57973,0.0,0.0,0.03,16.344357,306.4914,1.0,42.0,central_park,40.7829,-73.9654
2025-01-28 20:00:00+00:00,0.45,47.073715,-4.6730614,0.0,0.0,0.03,13.072015,308.2902,1.0,31.0,central_park,40.7829,-73.9654
2025-01-28 21:00:00+00:00,-0.2,47.065445,-5.031178,0.0,0.0,0.03,10.742848,301.29297,2.0,72.0,central_park,40.7829,-73.9654
2025-01-28 22:00:00+00:00,-1.9,60.660423,-5.604372,0.0,0.0,0.03,3.9477081,335.77228,3.0,96.0,central_park,40.7829,-73.9654
2025-01-28 23:00:00+00:00,-2.8,64.8346,-6.4856834,0.0,0.0,0.03,3.8183763,8.130019,3.0,93.0,central_park,40.7829,-73.9654
2025-01-29 00:00:00+00:00,-3.05,66.30772,-6.585392,0.0,0.0,0.03,2.8174455,63.435013,1.0,40.0,central_park,40.7829,-73.9654
2025-01-29 01:00:00+00:00,-2.15,63.740635,-5.882526,0.0,0.0,0.03,4.3832865,109.17911,2.0,71.0,central_park,40.7829,-73.9654
2025-01-29 02:00:00+00:00,-1.85,56.77518,-6.069007,0.0,0.0,0.03,7.0107627,131.87779,2.0,54.0,central_park,40.7829,-73.9654
2025-01-29 03:00:00+00:00,-1.3,58.270393,-5.5830545,0.0,0.0,0.03,7.9465466,166.9081,3.0,90.0,central_park,40.7829,-73.9654
2025-01-29 04:00:00+00:00,-0.05,61.598774,-4.46629,0.0,0.0,0.03,10.081606,181.02301,3.0,88.0,central_park,40.7829,-73.9654
2025-01-29 05:00:00+00:00,0.5,61.73542,-4.18442,0.0,0.0,0.03,12.304682,185.8773,2.0,56.0,central_park,40.7829,-73.9654
2025-01-29 06:00:00+00:00,0.7,61.550236,-4.1665554,0.0,0.0,0.03,13.661038,198.43504,3.0,93.0,central_park,40.7829,-73.9654
2025-01-29 07:00:00+00:00,1.45,58.54224,-3.5430925,0.0,0.0,0.03,14.565548,219.98683,3.0,100.0,central_park,40.7829,-73.9654
2025-01-29 08:00:00+00:00,2.15,57.62247,-3.0749474,0.0,0.0,0.03,16.485485,238.39255,1.0,44.0,central_park,40.7829,-73.9654
2025-01-29 09:00:00+00:00,2.1,58.268112,-3.2595794,0.0,0.0,0.03,17.483181,241.06009,0.0,12.0,central_park,40.7829,-73.9654
2025-01-29 10:00:00+00:00,2.35,58.33323,-2.9733741,0.0,0.0,0.03,17.423777,236.80243,1.0,25.0,central_park,40.7829,-73.9654
2025-01-29 11:00:00+00:00,2.5,59.483334,-2.822329,0.0,0.0,0.03,17.725203,235.34158,0.0,1.0,central_park,40.7829,-73.9654
2025-01-29 12:00:00+00:00,2.4,61.275417,-2.8297117,0.0,0.0,0.03,17.326813,235.15419,0.0,13.0,central_park,40.7829,-73.9654
2025-01-29 13:00:00+00:00,2.4,54.70384,-2.6477156,0.0,0.0,0.03,14.941083,233.82028,2.0,67.0,central_park,40.7829,-73.9654
2025-01-29 14:00:00+00:00,4.2,49.851856,-0.9722309,0.0,0.0,0.03,16.12583,236.84207,3.0,98.0,central_park,40.7829,-73.9654
2025-01-29 15:00:00+00:00,5.85,45.8087,1.179915,0.0,0.0,0.03,12.984975,223.87679,0.0,1.0,central_park,40.7829,-73.9654
2025-01-29 16:00:00+00:00,7.6,44.457367,2.8294506,0.0,0.0,0.03,14.628807,214.47227,0.0,14.0,central_park,40.7829,-73.9654
2025-01-29 17:00:00+00:00,8.65,45.940937,3.2012768,0.0,0.0,0.03,20.49314,231.41876,1.0,25.0,central_park,40.7829,-73.9654
2025-01-29 18:00:00+00:00,8.7,46.811607,3.096449,0.0,0.0,0.03,21.829777,256.65128,1.0,49.0,central_park,40.7829,-73.9654
2025-01-29 19:00:00+00:00,8.95,46.368595,3.7608843,0.0,0.0,0.02,19.08085,270.5405,1.0,33.0,central_park,40.7829,-73.9654
2025-01-29 20:00:00+00:00,8.25,46.854652,2.726902,0.0,0.0,0.02,20.91256,283.4382,1.0,27.0,central_park,40.7829,-73.9654
2025-01-29 21:00:00+00:00,7.2,47.60321,1.6438713,0.0,0.0,0.02,20.478907,280.1246,0.0,1.0,central_park,40.7829,-73.9654
2025-01-29 22:00:00+00:00,5.6,41.743233,-0.5671239,0.0,0.0,0.02,22.19554,292.40546,0.0,0.0,central_park,40.7829,-73.9654
2025-01-29 23:00:00+00:00,3.65,43.786285,-2.2338958,0.0,0.0,0.02,19.486609,295.14474,0.0,0.0,central_park,40.7829,-73.9654
2025-01-30 00:00:00+00:00,2.35,47.08618,-3.28425,0.0,0.0,0.02,17.615187,291.584,0.0,19.0,central_park,40.7829,-73.9654
2025-01-30 01:00:00+00:00,2.4,53.060844,-2.753092,0.0,0.0,0.02,15.379206,290.55612,3.0,99.0,central_park,40.7829,-73.9654
2025-01-30 02:00:00+00:00,1.8,54.748295,-3.8248017,0.0,0.0,0.02,18.508516,310.66165,1.0,20.0,central_park,40.7829,-73.9654
2025-01-30 03:00:00+00:00,0.15,63.559902,-5.3866267,0.0,0.0,0.02,18.183563,301.64462,2.0,53.0,central_park,40.7829,-73.9654
2025-01-30 04:00:00+00:00,-0.9,65.28057,-5.7459326,0.0,0.0,0.02,12.992459,317.24576,0.0,15.0,central_park,40.7829,-73.9654
2025-01-30 05:00:00+00:00,-2.35,65.19323,-7.4274273,0.0,0.0,0.02,13.666967,310.192,1.0,31.0,central_park,40.7829,-73.9654
2025-01-30 06:00:00+00:00,-3.25,63.47387,-8.570488,0.0,0.0,0.02,14.618837,307.99878,0.0,2.0,central_park,40.7829,-73.9654
2025-01-30 07:00:00+00:00,-4.2,59.592754,-9.7913685,0.0,0.0,0.02,15.561413,311.24817,0.0,4.0,central_park,40.7829,-73.9654
2025-01-30 08:00:00+00:00,-4.7,57.58949,-10.375569,0.0,0.0,0.02,15.697197,310.81497,0.0,0.0,central_park,40.7829,-73.9654
2025-01-30 09:00:00+00:00,-5.1,54.107243,-10.784795,0.0,0.0,0.02,15.236338,321.23447,0.0,6.0,central_park,40.7829,-73.9654
2025-01-30 10:00:00+00:00,-5.65,51.79695,-11.042725,0.0,0.0,0.02,12.791403,320.7106,0.0,6.0,central_park,40.7829,-73.9654
2025-01-30 11:00:00+00:00,-6.05,51.891975,-11.094248,0.0,0.0,0.02,10.261579,307.87503,0.0,1.0,central_park,40.7829,-73.9654
2025-01-30 12:00:00+00:00,-6.25,52.690266,-10.995273,0.0,0.0,0.02,8.211235,296.0033,0.0,0.0,central_park,40.7829,-73.9654
2025-01-30 13:00:00+00:00,-4.3,46.391964,-8.947298,0.0,0.0,0.02,7.6409945,285.0184,0.0,0.0,central_park,40.7829,-73.9654
2025-01-30 14:00:00+00:00,-3.25,43.238373,-8.122639,0.0,0.0,0.02,9.227524,290.55612,0.0,0.0,central_park,40.7829,-73.9654
2025-01-30 15:00:00+00:00,-2.35,40.609936,-7.476639,0.0,0.0,0.02,10.990322,301.60745,0.0,0.0,central_park,40.7829,-73.9654
2025-01-30 16:00:00+00:00,-1.4,38.488277,-6.3254347,0.0,0.0,0.02,9.6932955,285.06854,0.0,5.0,central_park,40.7829,-73.9654
2025-01-30 17:00:00+00:00,-0.35,35.64672,-5.3835354,0.0,0.0,0.02,10.435344,284.99512,0.0,0.0,central_park,40.7829,-73.9654
2025-01-30 18:00:00+00:00,0.35,36.01021,-4.4529943,0.0,0.0,0.02,9.172938,285.94547,1.0,22.0,central_park,40.7829,-73.9654
2025-01-30 19:00:00+00:00,0.65,38.65832,-3.6771295,0.0,0.0,0.02,6.4323244,287.928,0.0,13.0,central_park,40.7829,-73.9654
2025-01-30 20:00:00+00:00,0.9,40.312458,-3.5634253,0.0,0.0,0.02,7.731623,245.22488,3.0,99.0,central_park,40.7829,-73.9654
2025-01-30 21:00:00+00:00,0.7,43.92379,-4.003414,0.0,0.0,0.02,9.840914,219.80553,3.0,100.0,central_park,40.7829,-73.9654
2025-01-30 22:00:00+00:00,-0.7,57.753395,-4.4775405,0.0,0.0,0.02,4.755544,209.4758,3.0,100.0,central_park,40.7829,-73.9654
2025-01-30 23:00:00+00:00,-1.05,57.660263,-4.9567738,0.0,0.0,0.02,5.426933,174.2895,3.0,100.0,central_park,40.7829,-73.9654
2025-01-31 00:00:00+00:00,-1.0,57.00455,-4.8596,0.0,0.0,0.02,5.0432134,182.04536,3.0,100.0,central_park,40.7829,-73.9654
2025-01-31 01:00:00+00:00,-0.8,45.96374,-5.084318,0.0,0.0,0.02,6.5520988,159.07542,3.0,100.0,central_park,40.7829,-73.9654
2025-01-31 02:00:00+00:00,-0.3,48.5439,-4.912225,0.0,0.0,0.02,9.403169,174.50777,3.0,100.0,central_park,40.7829,-73.9654
2025-01-31 03:00:00+00:00,0.3,63.113483,-4.2352433,0.0,0.0,0.02,11.35285,182.72626,3.0,100.0,central_park,40.7829,-73.9654
2025-01-31 04:00:00+00:00,0.5,69.68734,-3.8737593,0.0,0.0,0.02,11.375658,184.53769,3.0,100.0,central_park,40.7829,-73.9654
2025-01-31 05:00:00+00:00,0.85,74.059074,-3.2863345,0.0,0.0,0.02,10.694485,186.76608,3.0,100.0,central_park,40.7829,-73.9654
2025-01-31 06:00:00+00:00,0.85,76.863754,-2.962132,0.0,0.0,0.02,8.905908,194.03627,3.0,100.0,central_park,40.7829,-73.9654
2025-01-31 07:00:00+00:00,0.85,78.59148,-2.6873617,0.0,0.0,0.02,7.289444,200.22495,3.0,100.0,central_park,40.7829,-73.9654
2025-01-31 08:00:00+00:00,1.4,79.55086,-2.0718906,0.0,0.0,0.02,7.4867883,207.18103,3.0,100.0,central_park,40.7829,-73.9654
2025-01-31 09:00:00+00:00,2.0,81.40679,-1.6652863,0.0,0.0,0.02,9.688281,215.16652,3.0,100.0,central_park,40.7829,-73.9654
2025-01-31 10:00:00+00:00,2.4,85.089,-1.2349505,0.4,0.0,0.02,10.514218,218.04709,51.0,100.0,central_park,40.7829,-73.9654
2025-01-31 11:00:00+00:00,2.5,90.15552,-1.1693387,0.4,0.0,0.02,11.738705,215.6399,51.0,100.0,central_park,40.7829,-73.9654
2025-01-31 12:00:00+00:00,2.35,93.44077,-0.9042642,0.1,0.0,0.02,9.292254,225.78473,51.0,100.0,central_park,40.7829,-73.9654
2025-01-31 13:00:00+00:00,1.7,95.4461,-1.033236,0.4,0.0,0.02,5.318383,203.9625,51.0,100.0,central_park,40.7829,-73.9654
2025-01-31 14:00:00+00:00,2.0,95.79986,-0.61234164,0.3,0.0,0.02,4.8899083,186.3401,51.0,100.0,central_park,40.7829,-73.9654
2025-01-31 15:00:00+00:00,2.4,96.845116,0.0029711723,0.2,0.0,0.02,4.060985,192.80426,51.0,100.0,central_park,40.7829,-73.9654
2025-01-31 16:00:00+00:00,3.05,97.55132,0.8697071,0.2,0.0,0.02,3.4949677,191.88864,51.0,100.0,central_park,40.7829,-73.9654
2025-01-31 17:00:00+00:00,3.95,95.8646,1.8140168,0.1,0.0,0.02,4.0249224,296.56497,51.0,100.0,central_park,40.7829,-73.9654
2025-01-31 18:00:00+00:00,4.8,94.55672,2.6712732,0.1,0.0,0.02,4.8433046,228.01286,51.0,100.0,central_park,40.7829,-73.9654
2025-01-31 19:00:00+00:00,5.05,97.59019,3.2017484,0.3,0.0,0.02,3.8939953,236.3099,51.0,100.0,central_park,40.7829,-73.9654
2025-01-31 20:00:00+00:00,4.35,97.91966,2.4277515,0.1,0.0,0.02,3.4949677,191.88864,51.0,100.0,central_park,40.7829,-73.9654
2025-01-31 21:00:00+00:00,4.35,97.23478,2.1896534,0.1,0.0,0.02,4.991553,244.35904,51.0,100.0,central_park,40.7829,-73.9654
2025-01-31 22:00:00+00:00,3.75,98.25532,1.440414,0.5,0.0,0.02,5.4119864,183.814,53.0,100.0,central_park,40.7829,-73.9654
2025-01-31 23:00:00+00:00,3.9,97.91214,1.7241077,1.2,0.0,0.02,4.6277857,166.50426,55.0,100.0,central_park,40.7829,-73.9654
2025-02-01 00:00:00+00:00,3.7,98.94951,1.3411207,1.2,0.0,0.02,5.815978,201.80147,55.0,100.0,central_park,40.7829,-73.9654
2025-02-01 01:00:00+00:00,5.35,97.93621,2.952754,0.8,0.0,0.01,8.161764,221.42357,53.0,100.0,central_park,40.7829,-73.9654
2025-02-01 02:00:00+00:00,5.15,97.932915,2.764824,0.7,0.0,0.01,7.7900705,229.68597,53.0,100.0,central_park,40.7829,-73.9654
2025-02-01 03:00:00+00:00,5.5,97.598816,2.6275291,1.2,0.0,0.01,11.566313,249.02643,55.0,100.0,central_park,40.7829,-73.9654
2025-01-01 04:00:00+00:00,9.35,94.107025,6.7399244,4.2,0.0,0.0,15.111424,102.38075,63.0,100.0,jfk,40.6413,-73.7781
2025-01-01 05:00:00+00:00,9.85,96.70005,7.3838024,3.0,0.0,0.0,15.7754345,163.42592,63.0,100.0,jfk,40.6413,-73.7781
2025-01-01 06:00:00+00:00,9.8,96.37399,7.0345,0.0,0.0,0.0,17.64,180.0,1.0,34.0,jfk,40.6413,-73.7781
2025-01-01 07:00:00+00:00,9.05,98.32733,6.912343,0.0,0.0,0.0,12.503199,186.61336,3.0,100.0,jfk,40.6413,-73.7781
2025-01-01 08:00:00+00:00,8.9,98.32536,7.1348543,0.0,0.0,0.0,9.67657,223.49261,3.0,100.0,jfk,40.6413,-73.7781
2025-01-01 09:00:00+00:00,8.75,97.659706,6.166007,0.0,0.0,0.0,14.84318,247.1663,3.0,100.0,jfk,40.6413,-73.7781
2025-01-01 10:00:00+00:00,8.35,97.32095,5.4644165,0.0,0.0,0.0,16.120806,263.58926,3.0,100.0,jfk,40.6413,-73.7781
2025-01-01 11:00:00+00:00,7.5,96.638855,4.3951654,0.0,0.0,0.0,16.024044,268.7127,0.0,8.0,jfk,40.6413,-73.7781
2025-01-01 12:00:00+00:00,6.45,96.61096,3.155428,0.0,0.0,0.0,15.659999,270.0,1.0,21.0,jfk,40.6413,-73.7781
2025-01-01 13:00:00+00:00,7.4,97.969536,4.5914965,0.0,0.0,0.0,14.156058,258.26144,1.0,44.0,jfk,40.6413,-73.7781
2025-01-01 14:00:00+00:00,8.05,93.72628,5.0379906,0.0,0.0,0.0,15.552041,253.87234,1.0,22.0,jfk,40.6413,-73.7781
2025-01-01 15:00:00+00:00,9.0,89.40473,6.0581226,0.0,0.0,0.0,15.486278,250.30128,0.0,12.0,jfk,40.6413,-73.7781
2025-01-01 16:00:00+00:00,10.05,76.72902,6.3483543,0.0,0.0,0.0,18.762356,261.17032,1.0,36.0,jfk,40.6413,-73.7781
2025-01-01 17:00:00+00:00,10.55,71.9384,6.955229,0.0,0.0,0.0,17.339897,265.23645,1.0,21.0,jfk,40.6413,-73.7781
2025-01-01 18:00:00+00:00,10.45,70.68321,6.403475,0.0,0.0,0.0,19.914217,257.4712,3.0,99.0,jfk,40.6413,-73.7781
2025-01-01 19:00:00+00:00,9.25,67.53867,4.1250477,0.0,0.0,0.0,24.788424,275.8347,3.0,100.0,jfk,40.6413,-73.7781
2025-01-01 20:00:00+00:00,7.55,65.51372,1.904954,0.0,0.0,0.0,25.80788,290.83676,3.0,100.0,jfk,40.6413,-73.7781
2025-01-01 21:00:00+00:00,6.35,68.1306,0.8138838,0.0,0.0,0.0,24.375216,290.30853,2.0,64.0,jfk,40.6413,-73.7781
2025-01-01 22:00:00+00:00,5.65,70.737,0.6003828,0.0,0.0,0.0,20.871464,282.95758,1.0,45.0,jfk,40.6413,-73.7781
2025-01-01 23:00:00+00:00,5.25,67.40462,-0.086411476,0.0,0.0,0.0,21.711462,281.96204,0.0,5.0,jfk,40.6413,-73.7781
2025-01-02 00:00:00+00:00,5.0,62.599606,-0.589875,0.0,0.0,0.0,22.204296,281.2188,0.0,6.0,jfk,40.6413,-73.7781
2025-01-02 01:00:00+00:00,5.5,58.925312,0.03072071,0.0,0.0,0.0,21.046917,282.8477,0.0,4.0,jfk,40.6413,-73.7781
2025-01-02 02:00:00+00:00,5.0,54.385185,-0.74602413,0.0,0.0,0.0,21.566975,284.5002,0.0,2.0,jfk,40.6413,-73.7781
2025-01-02 03:00:00+00:00,4.4,52.616657,-1.5040193,0.0,0.0,0.0,21.833488,285.2966,0.0,0.0,jfk,40.6413,-73.7781
2025-01-02 04:00:00+00:00,3.85,55.513996,-1.6950703,0.0,0.0,0.0,19.530622,279.54907,0.0,1.0,jfk,40.6413,-73.7781
2025-01-02 05:00:00+00:00,3.45,59.725063,-2.2198062,0.0,0.0,0.0,20.875343,277.4313,0.0,1.0,jfk,40.6413,-73.7781
2025-01-02 06:00:00+00:00,3.0,57.628075,-2.5685668,0.0,0.0,0.0,19.45333,272.12103,0.0,0.0,jfk,40.6413,-73.7781
2025-01-02 07:00:00+00:00,2.55,60.171604,-3.0524275,0.0,0.0,0.0,19.803272,271.0416,0.0,1.0,jfk,40.6413,-73.7781
2025-01-02 08:00:00+00:00,2.25,63.81977,-3.1359003,0.0,0.0,0.0,18.720863,269.4491,0.0,6.0,jfk,40.6413,-73.7781
2025-01-02 09:00:00+00:00,1.9,65.67782,-3.4567869,0.0,0.0,0.0,18.561832,267.2209,1.0,32.0,jfk,40.6413,-73.7781
2025-01-02 10:00:00+00:00,1.55,65.59783,-3.9155529,0.0,0.0,0.0,19.023027,263.4803,0.0,8.0,jfk,40.6413,-73.7781
2025-01-02 11:00:00+00:00,0.95,65.95583,-4.8080544,0.0,0.0,0.0,20.633371,263.9911,0.0,10.0,jfk,40.6413,-73.7781
2025-01-02 12:00:00+00:00,0.6,65.132454,-5.013978,0.0,0.0,0.0,19.263363,268.9292,0.0,18.0,jfk,40.6413,-73.7781
2025-01-02 13:00:00+00:00,2.2,59.182617,-3.5179274,0.0,0.0,0.0,20.167229,268.4657,0.0,1.0,jfk,40.6413,-73.7781
2025-01-02 14:00:00+00:00,2.95,58.26938,-2.421406,0.0,0.0,0.0,18.18,270.0,0.0,3.0,jfk,40.6413,-73.7781
2025-01-02 15:00:00+00:00,3.85,54.685467,-1.8681712,0.0,0.0,0.0,20.558647,266.48633,0.0,2.0,jfk,40.6413,-73.7781
2025-01-02 16:00:00+00:00,4.6,49.96625,-2.0094206,0.0,0.0,0.0,26.282465,283.4652,1.0,47.0,jfk,40.6413,-73.7781
2025-01-02 17:00:00+00:00,5.05,46.800945,-1.3352377,0.0,0.0,0.0,24.407097,284.95868,1.0,26.0,jfk,40.6413,-73.7781
2025-01-02 18:00:00+00:00,5.25,43.262646,-1.4662611,0.0,0.0,0.0,26.065218,284.80402,1.0,40.0,jfk,40.6413,-73.7781
2025-01-02 19:00:00+00:00,5.3,41.334583,-1.2748046,0.0,0.0,0.0,24.717743,277.95297,3.0,99.0,jfk,40.6413,-73.7781
2025-01-02 20:00:00+00:00,4.75,43.611595,-1.3573925,0.0,0.0,0.0,21.647945,273.814,3.0,85.0,jfk,40.6413,-73.7781
2025-01-02 21:00:00+00:00,3.75,45.887596,-2.7778656,0.0,0.0,0.0,24.361256,278.07013,3.0,89.0,jfk,40.6413,-73.7781
2025-01-02 22:00:00+00:00,2.65,48.651825,-3.6509197,0.0,0.0,0.0,22.637817,279.61203,0.0,3.0,jfk,40.6413,-73.7781
2025-01-02 23:00:00+00:00,1.9,51.517475,-4.005642,0.0,0.0,0.0,19.959719,277.2531,1.0,20.0,jfk,40.6413,-73.7781
2025-01-03 00:00:00+00:00,1.55,52.620174,-4.354348,0.0,0.0,0.0,19.917469,276.22574,0.0,9.0,jfk,40.6413,-73.7781
2025-01-03 01:00:00+00:00,1.8,51.687565,-4.406053,0.0,0.0,0.0,21.986542,267.1845,3.0,81.0,jfk,40.6413,-73.7781
2025-01-03 02:00:00+00:00,1.5,51.20558,-4.689434,0.0,0.0,0.0,21.611998,268.09088,1.0,38.0,jfk,40.6413,-73.7781
2025-01-03 03:00:00+00:00,1.1,53.515823,-4.806512,0.0,0.0,0.0,19.800817,269.47916,0.0,11.0,jfk,40.6413,-73.7781
2025-01-03 04:00:00+00:00,0.7,56.365986,-5.021327,0.0,0.0,0.0,18.727785,271.65228,1.0,43.0,jfk,40.6413,-73.7781
2025-01-03 05:00:00+00:00,0.2,58.66451,-5.3584576,0.0,0.0,0.0,17.643673,271.1691,0.0,9.0,jfk,40.6413,-73.7781
2025-01-03 06:00:00+00:00,-0.3,59.214787,-5.962949,0.0,0.0,0.0,18.129137,276.84268,0.0,0.0,jfk,40.6413,-73.7781
2025-01-03 07:00:00+00:00,-0.55,57.569843,-6.331223,0.0,0.0,0.0,18.557467,278.36578,0.0,8.0,jfk,40.6413,-73.7781
2025-01-03 08:00:00+00:00,-0.65,57.543198,-6.417813,0.0,0.0,0.0,18.403185,273.9258,0.0,3.0,jfk,40.6413,-73.7781
2025-01-03 09:00:00+00:00,-0.9,57.476513,-6.5875225,0.0,0.0,0.0,17.698677,274.66678,0.0,5.0,jfk,40.6413,-73.7781
2025-01-03 10:00:00+00:00,-1.15,57.633606,-6.726812,0.0,0.0,0.0,16.818203,275.52744,0.0,1.0,jfk,40.6413,-73.7781
2025-01-03 11:00:00+00:00,-1.35,59.86436,-6.6270103,0.0,0.0,0.0,14.944336,271.3803,0.0,0.0,jfk,40.6413,-73.7781
2025-01-03 12:00:00+00:00,-1.5,61.951366,-6.6469417,0.0,0.0,0.0,14.238215,267.10147,0.0,2.0,jfk,40.6413,-73.7781
2025-01-03 13:00:00+00:00,-0.1,59.266636,-5.309502,0.0,0.0,0.0,15.151039,260.42584,0.0,5.0,jfk,40.6413,-73.7781
2025-01-03 14:00:00+00:00,0.45,58.50491,-4.668309,0.0,0.0,0.0,14.759999,257.3196,0.0,0.0,jfk,40.6413,-73.7781
2025-01-03 15:00:00+00:00,1.1,54.766132,-4.3492374,0.0,0.0,0.0,16.862455,253.8865,0.0,0.0,jfk,40.6413,-73.7781
2025-01-03 16:00:00+00:00,1.65,53.25859,-3.8826306,0.0,0.0,0.0,17.534994,252.68097,0.0,17.0,jfk,40.6413,-73.7781
2025-01-03 17:00:00+00:00,2.05,52.96307,-3.450484,0.0,0.0,0.0,17.518356,260.53775,2.0,67.0,jfk,40.6413,-73.7781
2025-01-03 18:00:00+00:00,2.55,49.949146,-2.9240413,0.0,0.0,0.0,17.134071,260.93356,1.0,46.0,jfk,40.6413,-73.7781
2025-01-03 19:00:00+00:00,2.75,49.434635,-2.782965,0.0,0.0,0.0,17.571909,263.53027,2.0,64.0,jfk,40.6413,-73.7781
2025-01-03 20:00:00+00:00,2.9,49.47798,-2.4741323,0.0,0.0,0.0,16.584438,266.88922,2.0,52.0,jfk,40.6413,-73.7781
2025-01-03 21:00:00+00:00,2.7,53.754757,-2.0161264,0.0,0.0,0.0,12.703715,262.67368,3.0,88.0,jfk,40.6413,-73.7781
2025-01-03 22:00:00+00:00,2.25,56.566113,-2.5381432,0.0,0.0,0.0,13.379461,264.5963,3.0,86.0,jfk,40.6413,-73.7781
2025-01-03 23:00:00+00:00,1.9,58.881927,-2.8314953,0.0,0.0,0.0,13.138765,279.46225,3.0,100.0,jfk,40.6413,-73.7781
2025-01-04 00:00:00+00:00,1.4,61.49046,-3.225144,0.0,0.0,0.0,12.483748,298.41257,3.0,100.0,jfk,40.6413,-73.7781
2025-01-04 01:00:00+00:00,0.0,64.99286,-4.4548836,0.0,0.0,0.0,10.873252,276.65433,1.0,32.0,jfk,40.6413,-73.7781
2025-01-04 02:00:00+00:00,-0.5,66.12616,-5.343514,0.0,0.0,0.0,13.358861,284.03625,3.0,98.0,jfk,40.6413,-73.7781
2025-01-04 03:00:00+00:00,-0.85,64.29883,-5.6844063,0.0,0.0,0.0,12.81165,294.04422,3.0,82.0,jfk,40.6413,-73.7781
2025-01-04 04:00:00+00:00,-1.25,64.94889,-6.2481017,0.0,0.0,0.0,13.766176,297.23505,0.0,0.0,jfk,40.6413,-73.7781
2025-01-04 05:00:00+00:00,-1.4,64.41565,-6.634825,0.0,0.0,0.0,15.224637,294.44394,0.0,0.0,jfk,40.6413,-73.7781
2025-01-04 06:00:00+00:00,-1.65,59.554626,-7.185903,0.0,0.0,0.0,16.50709,297.96213,0.0,1.0,jfk,40.6413,-73.7781
2025-01-04 07:00:00+00:00,-1.85,57.22189,-7.43326,0.0,0.0,0.0,16.42247,296.0033,1.0,20.0,jfk,40.6413,-73.7781
2025-01-04 08:00:00+00:00,-1.75,55.69947,-7.3092756,0.0,0.0,0.0,16.116785,290.25653,3.0,100.0,jfk,40.6413,-73.7781
2025-01-04 09:00:00+00:00,-1.4,56.01419,-6.9119477,0.0,0.0,0.0,16.019999,295.98917,3.0,80.0,jfk,40.6413,-73.7781
2025-01-04 10:00:00+00:00,-1.55,48.17367,-7.624276,0.0,0.0,0.0,18.775303,302.47116,1.0,45.0,jfk,40.6413,-73.7781
2025-01-04 11:00:00+00:00,-1.85,44.558548,-8.091326,0.0,0.0,0.0,19.32382,297.75842,1.0,24.0,jfk,40.6413,-73.7781
2025-01-04 12:00:00+00:00,-1.95,44.527996,-8.398777,0.0,0.0,0.0,20.700783,298.5706,0.0,9.0,jfk,40.6413,-73.7781
2025-01-04 13:00:00+00:00,-1.4,51.781464,-7.4302,0.0,0.0,0.0,19.017065,287.06293,0.0,16.0,jfk,40.6413,-73.7781
2025-01-04 14:00:00+00:00,-0.6,53.66405,-6.566776,0.0,0.0,0.0,19.255793,290.80685,0.0,13.0,jfk,40.6413,-73.7781
2025-01-04 15:00:00+00:00,-0.1,47.84377,-7.036935,0.0,0.0,0.0,25.344229,300.75433,1.0,35.0,jfk,40.6413,-73.7781
2025-01-04 16:00:00+00:00,-0.05,46.372204,-6.9575777,0.0,0.0,0.0,24.95452,296.56497,3.0,100.0,jfk,40.6413,-73.7781
2025-01-04 17:00:00+00:00,-0.2,46.144295,-6.9033604,0.0,0.0,0.0,23.44841,294.00714,3.0,97.0,jfk,40.6413,-73.7781
2025-01-04 18:00:00+00:00,-0.15,40.14912,-7.279143,0.0,0.0,0.0,25.52829,298.19122,1.0,37.0,jfk,40.6413,-73.7781
2025-01-04 19:00:00+00:00,0.0,37.841267,-7.519621,0.0,0.0,0.0,27.933077,296.39987,2.0,55.0,jfk,40.6413,-73.7781
2025-01-04 20:00:00+00:00,-0.35,40.248745,-7.4098587,0.0,0.0,0.0,24.983713,293.79483,1.0,41.0,jfk,40.6413,-73.7781
2025-01-04 21:00:00+00:00,-0.9,43.785248,-7.2230783,0.0,0.0,0.0,20.188908,291.99118,2.0,77.0,jfk,40.6413,-73.7781
2025-01-04 22:00:00+00:00,-1.45,44.32348,-7.675368,0.0,0.0,0.0,19.353138,288.43503,1.0,34.0,jfk,40.6413,-73.7781
2025-01-04 23:00:00+00:00,-1.55,43.9383,-7.640574,0.0,0.0,0.0,18.33616,283.627,0.0,5.0,jfk,40.6413,-73.7781
2025-01-05 00:00:00+00:00,-1.85,45.099445,-7.9994106,0.0,0.0,0.0,18.762356,278.82965,1.0,21.0,jfk,40.6413,-73.7781
2025-01-05 01:00:00+00:00,-1.8,46.213947,-7.840766,0.0,0.0,0.0,18.180891,269.43274,0.0,6.0,jfk,40.6413,-73.7781
2025-01-05 02:00:00+00:00,-2.0,47.08814,-7.98524,0.0,0.0,0.0,17.823635,268.84268,0.0,3.0,jfk,40.6413,-73.7781
2025-01-05 03:00:00+00:00,-2.15,47.61211,-8.16308,0.0,0.0,0.0,18.014393,272.29056,0.0,0.0,jfk,40.6413,-73.7781
2025-01-05 04:00:00+00:00,-2.55,49.238144,-8.480988,0.0,0.0,0.0,17.47484,272.36133,0.0,14.0,jfk,40.6413,-73.7781
2025-01-05 05:00:00+00:00,-2.75,48.201508,-8.781133,0.0,0.0,0.0,17.95043,276.91113,1.0,20.0,jfk,40.6413,-73.7781
2025-01-05 06:00:00+00:00,-3.05,46.77157,-9.134525,0.0,0.0,0.0,18.023384,278.61557,0.0,11.0,jfk,40.6413,-73.7781
2025-01-05 07:00:00+00:00,-3.05,44.914772,-9.058315,0.0,0.0,0.0,17.284687,278.38315,0.0,3.0,jfk,40.6413,-73.7781
2025-01-05 08:00:00+00:00,-3.15,45.25021,-9.099134,0.0,0.0,0.0,16.87878,277.3523,0.0,6.0,jfk,40.6413,-73.7781
2025-01-05 09:00:00+00:00,-3.25,47.473072,-8.947254,0.0,0.0,0.0,15.367616,275.37662,0.0,3.0,jfk,40.6413,-73.7781
2025-01-05 10:00:00+00:00,-3.15,48.66678,-8.684182,0.0,0.0,0.0,14.428097,273.57626,0.0,4.0,jfk,40.6413,-73.7781
2025-01-05 11:00:00+00:00,-3.15,49.85574,-8.660709,0.0,0.0,0.0,14.404499,271.43207,0.0,13.0,jfk,40.6413,-73.7781
2025-01-05 12:00:00+00:00,-3.15,50.056393,-8.683571,0.0,0.0,0.0,14.584445,271.4144,1.0,30.0,jfk,40.6413,-73.7781
2025-01-05 13:00:00+00:00,-2.85,54.95863,-8.603414,0.0,0.0,0.0,16.801823,265.08353,0.0,8.0,jfk,40.6413,-73.7781
2025-01-05 14:00:00+00:00,-2.3,52.76439,-8.377249,0.0,0.0,0.0,19.023027,263.4803,0.0,0.0,jfk,40.6413,-73.7781
2025-01-05 15:00:00+00:00,-1.65,51.3021,-7.9528737,0.0,0.0,0.0,20.700783,269.5018,3.0,93.0,jfk,40.6413,-73.7781
2025-01-05 16:00:00+00:00,-0.95,49.905663,-7.432207,0.0,0.0,0.0,22.090187,284.1495,3.0,100.0,jfk,40.6413,-73.7781
2025-01-05 17:00:00+00:00,-0.6,49.032394,-7.0820093,0.0,0.0,0.0,22.142927,287.9932,3.0,100.0,jfk,40.6413,-73.7781
2025-01-05 18:00:00+00:00,-0.25,49.135216,-6.687509,0.0,0.0,0.0,22.029236,292.5839,3.0,99.0,jfk,40.6413,-73.7781
2025-01-05 19:00:00+00:00,0.2,46.814552,-6.233987,0.0,0.0,0.0,21.895723,296.35434,1.0,41.0,jfk,40.6413,-73.7781
2025-01-05 20:00:00+00:00,0.1,43.395237,-6.0540214,0.0,0.0,0.0,19.42416,302.5119,0.0,8.0,jfk,40.6413,-73.7781
2025-01-05 21:00:00+00:00,-0.3,45.750233,-6.0892944,0.0,0.0,0.0,17.0763,304.69522,1.0,42.0,jfk,40.6413,-73.7781
2025-01-05 22:00:00+00:00,-1.2,49.635788,-6.7484508,0.0,0.0,0.0,15.528064,304.6112,0.0,4.0,jfk,40.6413,-73.7781
2025-01-05 23:00:00+00:00,-1.5,51.345432,-6.9478836,0.0,0.0,0.0,14.917212,289.74692,1.0,31.0,jfk,40.6413,-73.7781
2025-01-06 00:00:00+00:00,-1.7,52.93518,-7.1400986,0.0,0.0,0.0,14.970331,288.2172,1.0,26.0,jfk,40.6413,-73.7781
2025-01-06 01:00:00+00:00,-1.5,53.62142,-6.8134813,0.0,0.0,0.0,14.292725,286.83755,3.0,92.0,jfk,40.6413,-73.7781
2025-01-06 02:00:00+00:00,-1.65,56.165558,-6.7282357,0.0,0.0,0.0,12.931218,286.16458,3.0,100.0,jfk,40.6413,-73.7781
2025-01-06 03:00:00+00:00,-1.8,58.594006,-6.755575,0.0,0.0,0.0,12.32047,281.8024,3.0,100.0,jfk,40.6413,-73.7781
2025-01-06 04:00:00+00:00,-1.95,60.17684,-6.951752,0.0,0.0,0.0,12.7546215,278.9305,3.0,100.0,jfk,40.6413,-73.7781
2025-01-06 05:00:00+00:00,-2.2,61.536373,-7.1715436,0.0,0.0,0.0,12.576836,279.0578,3.0,100.0,jfk,40.6413,-73.7781
2025-01-06 06:00:00+00:00,-2.15,61.548943,-7.0231094,0.0,0.0,0.0,11.9317045,281.3099,3.0,100.0,jfk,40.6413,-73.7781
2025-01-06 07:00:00+00:00,-2.1,61.561516,-6.8012934,0.0,0.0,0.0,10.783487,284.5002,3.0,100.0,jfk,40.6413,-73.7781
2025-01-06 08:00:00+00:00,-2.15,62.030106,-6.671765,0.0,0.0,0.0,9.582359,275.38922,3.0,100.0,jfk,40.6413,-73.7781
2025-01-06 09:00:00+00:00,-2.1,60.846176,-6.3726153,0.0,0.0,0.0,7.754637,291.80148,3.0,100.0,jfk,40.6413,-73.7781
2025-01-06 10:00:00+00:00,-2.05,60.38622,-6.1177797,0.0,0.0,0.0,6.320538,289.9832,3.0,100.0,jfk,40.6413,-73.7781
2025-01-06 11:00:00+00:00,-1.85,59.968445,-5.7265635,0.0,0.0,0.0,5.0688457,276.11542,3.0,100.0,jfk,40.6413,-73.7781
2025-01-06 12:00:00+00:00,-1.7,60.24106,-5.4343624,0.0,0.0,0.0,4.2136917,289.9832,3.0,100.0,jfk,40.6413,-73.7781
2025-01-06 13:00:00+00:00,-1.8,69.20183,-5.286953,0.0,0.0,0.0,3.604497,272.86234,3.0,100.0,jfk,40.6413,-73.7781
2025-01-06 14:00:00+00:00,-1.7,71.10191,-4.895155,0.1,0.07,0.0,1.9134263,311.18582,71.0,100.0,jfk,40.6413,-73.7781
2025-01-06 15:00:00+00:00,-1.55,72.77723,-4.7388606,0.2,0.14,0.0,2.1897945,9.462248,71.0,100.0,jfk,40.6413,-73.7781
2025-01-06 16:00:00+00:00,-1.6,75.872215,-4.914155,0.4,0.28,0.0,3.4152596,18.435053,73.0,100.0,jfk,40.6413,-73.7781
2025-01-06 17:00:00+00:00,-1.7,78.483536,-5.14223,0.6,0.42000002,0.01,4.5572357,9.090207,73.0,100.0,jfk,40.6413,-73.7781
2025-01-06 18:00:00+00:00,-1.75,80.880775,-5.2913384,0.2,0.14,0.01,5.506941,11.3098955,71.0,100.0,jfk,40.6413,-73.7781
2025-01-06 19:00:00+00:00,-1.7,80.58384,-5.284768,0.1,0.07,0.01,5.8048253,7.12493,71.0,100.0,jfk,40.6413,-73.7781
2025-01-06 20:00:00+00:00,-1.65,81.81314,-5.7307987,0.1,0.07,0.02,9.403169,5.492242,71.0,100.0,jfk,40.6413,-73.7781
2025-01-06 21:00:00+00:00,-1.6,80.598335,-5.9193983,0.0,0.0,0.02,10.920824,8.530679,3.0,99.0,jfk,40.6413,-73.7781
2025-01-06 22:00:00+00:00,-1.65,82.43033,-5.818116,0.0,0.0,0.02,10.081606,1.0230169,3.0,100.0,jfk,40.6413,-73.7781
2025-01-06 23:00:00+00:00,-1.9,78.155365,-6.701816,0.0,0.0,0.02,13.690654,2.2604558,3.0,99.0,jfk,40.6413,-73.7781
2025-01-07 00:00:00+00:00,-2.8,74.22518,-7.658088,0.0,0.0,0.02,12.971244,357.6141,3.0,100.0,jfk,40.6413,-73.7781
2025-01-07 01:00:00+00:00,-3.35,67.542274,-8.714364,0.0,0.0,0.02,15.328561,350.53775,3.0,100.0,jfk,40.6413,-73.7781
2025-01-07 02:00:00+00:00,-3.9,65.59521,-9.78953,0.0,0.0,0.02,18.406704,350.99832,3.0,99.0,jfk,40.6413,-73.7781
2025-01-07 03:00:00+00:00,-4.55,65.18487,-10.613225,0.0,0.0,0.02,19.21284,344.7919,3.0,100.0,jfk,40.6413,-73.7781
2025-01-07 04:00:00+00:00,-5.0,65.07814,-11.026012,0.1,0.07,0.02,18.720001,337.3801,71.0,100.0,jfk,40.6413,-73.7781
2025-01-07 05:00:00+00:00,-6.1,65.85991,-12.181273,0.0,0.0,0.02,18.645428,329.22604,3.0,100.0,jfk,40.6413,-73.7781
2025-01-07 06:00:00+00:00,-7.2,64.8111,-13.613867,0.0,0.0,0.02,20.343184,329.12326,3.0,99.0,jfk,40.6413,-73.7781
2025-01-07 07:00:00+00:00,-8.05,62.78933,-14.788592,0.0,0.0,0.02,22.057894,332.80774,2.0,77.0,jfk,40.6413,-73.7781
2025-01-07 08:00:00+00:00,-8.4,62.18979,-15.247963,0.0,0.0,0.02,22.62708,332.00803,0.0,12.0,jfk,40.6413,-73.7781
2025-01-07 09:00:00+00:00,-8.25,64.29409,-14.590788,0.0,0.0,0.02,19.370708,326.75293,2.0,60.0,jfk,40.6413,-73.7781
2025-01-07 10:00:00+00:00,-7.7,65.21667,-13.908104,0.0,0.0,0.02,18.75631,322.8001,1.0,38.0,jfk,40.6413,-73.7781
2025-01-07 11:00:00+00:00,-7.4,65.28848,-13.266654,0.0,0.0,0.01,16.546299,315.0001,1.0,45.0,jfk,40.6413,-73.7781
2025-01-07 12:00:00+00:00,-6.9,64.10385,-12.922243,0.0,0.0,0.01,17.725203,304.65842,0.0,16.0,jfk,40.6413,-73.7781
2025-01-07 13:00:00+00:00,-6.1,63.785618,-12.590725,0.0,0.0,0.01,21.261345,298.30066,2.0,63.0,jfk,40.6413,-73.7781
2025-01-07 14:00:00+00:00,-5.45,63.69012,-12.262833,0.0,0.0,0.01,23.760683,298.50644,3.0,99.0,jfk,40.6413,-73.7781
2025-01-07 15:00:00+00:00,-4.65,62.136555,-11.607002,0.0,0.0,0.01,24.975931,301.7427,1.0,39.0,jfk,40.6413,-73.7781
2025-01-07 16:00:00+00:00,-4.55,61.425697,-13.126302,0.0,0.0,0.01,36.05441,305.03894,3.0,93.0,jfk,40.6413,-73.7781
2025-01-07 17:00:00+00:00,-3.65,61.169422,-10.781254,0.0,0.0,0.01,26.564486,296.56497,1.0,31.0,jfk,40.6413,-73.7781
2025-01-07 18:00:00+00:00,-3.05,58.95644,-11.065529,0.0,0.0,0.01,32.682762,310.53275,2.0,63.0,jfk,40.6413,-73.7781
2025-01-07 19:00:00+00:00,-2.6,59.307167,-9.741394,0.0,0.0,0.01,26.964577,309.8545,2.0,55.0,jfk,40.6413,-73.7781
2025-01-07 20:00:00+00:00,-2.7,59.04851,-10.418611,0.0,0.0,0.01,30.83889,309.07764,3.0,98.0,jfk,40.6413,-73.7781
2025-01-07 21:00:00+00:00,-3.25,62.4863,-10.992696,0.0,0.0,0.01,31.115017,305.3451,3.0,92.0,jfk,40.6413,-73.7781
2025-01-07 22:00:00+00:00,-3.2,60.08996,-10.594713,0.0,0.0,0.01,28.479843,307.81152,3.0,100.0,jfk,40.6413,-73.7781
2025-01-07 23:00:00+00:00,-3.45,62.436592,-10.661154,0.0,0.0,0.01,27.358225,304.00378,2.0,65.0,jfk,40.6413,-73.7781
2025-01-08 00:00:00+00:00,-3.1,56.883907,-9.933758,0.0,0.0,0.01,24.31333,303.21948,3.0,100.0,jfk,40.6413,-73.7781
2025-01-08 01:00:00+00:00,-2.55,51.6551,-8.766735,0.0,0.0,0.01,19.726225,295.39587,0.0,14.0,jfk,40.6413,-73.7781
2025-01-08 02:00:00+00:00,-2.95,53.636337,-8.8516655,0.0,0.0,0.01,17.615187,291.584,1.0,32.0,jfk,40.6413,-73.7781
2025-01-08 03:00:00+00:00,-2.95,53.210957,-8.884695,0.0,0.0,0.01,17.791796,295.78726,3.0,95.0,jfk,40.6413,-73.7781
2025-01-08 04:00:00+00:00,-3.2,53.77948,-9.26074,0.0,0.0,0.01,18.606289,294.58154,3.0,89.0,jfk,40.6413,-73.7781
2025-01-08 05:00:00+00:00,-3.1,51.702274,-9.396052,0.0,0.0,0.01,20.025352,305.11865,3.0,80.0,jfk,40.6413,-73.7781
2025-01-08 06:00:00+00:00,-3.4,52.23969,-9.730389,0.0,0.0,0.01,20.188908,301.13892,3.0,96.0,jfk,40.6413,-73.7781
2025-01-08 07:00:00+00:00,-3.55,52.40615,-10.132765,0.0,0.0,0.01,21.872036,309.32257,2.0,54.0,jfk,40.6413,-73.7781
2025-01-08 08:00:00+00:00,-3.95,52.501556,-10.396705,0.0,0.0,0.01,20.775774,307.9621,2.0,70.0,jfk,40.6413,-73.7781
2025-01-08 09:00:00+00:00,-4.25,52.204105,-10.651245,0.0,0.0,0.01,20.304926,310.32574,3.0,100.0,jfk,40.6413,-73.7781
2025-01-08 10:00:00+00:00,-4.35,54.101776,-10.620987,0.0,0.0,0.01,19.570396,304.1286,3.0,96.0,jfk,40.6413,-73.7781
2025-01-08 11:00:00+00:00,-4.3,55.657757,-10.392381,0.0,0.0,0.01,18.532135,299.0545,3.0,93.0,jfk,40.6413,-73.7781
2025-01-08 12:00:00+00:00,-4.5,55.825775,-10.5518675,0.0,0.0,0.01,18.183563,301.64462,3.0,81.0,jfk,40.6413,-73.7781
2025-01-08 13:00:00+00:00,-4.1,49.574615,-10.4270315,0.0,0.0,0.01,19.576189,302.22873,0.0,14.0,jfk,40.6413,-73.7781
2025-01-08 14:00:00+00:00,-3.6,42.60296,-10.62109,0.0,0.0,0.01,23.760681,307.30402,0.0,15.0,jfk,40.6413,-73.7781
2025-01-08 15:00:00+00:00,-3.0,40.2414,-10.394028,0.0,0.0,0.01,26.260265,303.25436,0.0,11.0,jfk,40.6413,-73.7781
2025-01-08 16:00:00+00:00,-2.6,41.877655,-9.566527,0.0,0.0,0.01,23.667776,297.1496,1.0,42.0,jfk,40.6413,-73.7781
2025-01-08 17:00:00+00:00,-2.5,40.232845,-10.030397,0.0,0.0,0.01,27.37243,297.4075,3.0,93.0,jfk,40.6413,-73.7781
2025-01-08 18:00:00+00:00,-2.4,39.61073,-9.771563,0.0,0.0,0.01,26.243607,296.03775,3.0,83.0,jfk,40.6413,-73.7781
2025-01-08 19:00:00+00:00,-2.6,37.955795,-10.317416,0.0,0.0,0.01,28.344713,298.02957,3.0,90.0,jfk,40.6413,-73.7781
2025-01-08 20:00:00+00:00,-2.9,37.705414,-10.343031,0.0,0.0,0.01,26.33296,298.1415,0.0,4.0,jfk,40.6413,-73.7781
2025-01-08 21:00:00+00:00,-3.8,39.990505,-10.983258,0.0,0.0,0.01,24.514387,299.95352,0.0,6.0,jfk,40.6413,-73.7781
2025-01-08 22:00:00+00:00,-5.0,44.131332,-11.902857,0.0,0.0,0.01,22.62708,297.99194,0.0,9.0,jfk,40.6413,-73.7781
2025-01-08 23:00:00+00:00,-5.75,46.32961,-12.635132,0.0,0.0,0.01,22.468296,298.2074,0.0,5.0,jfk,40.6413,-73.7781
2025-01-09 00:00:00+00:00,-6.1,46.80045,-12.818367,0.0,0.0,0.0,21.2522,296.13095,0.0,7.0,jfk,40.6413,-73.7781
2025-01-09 01:00:00+00:00,-5.1,43.73694,-11.990011,0.0,0.0,0.0,22.466133,295.12778,2.0,60.0,jfk,40.6413,-73.7781
2025-01-09 02:00:00+00:00,-5.35,46.643944,-12.281948,0.0,0.0,0.0,22.956175,294.55548,2.0,61.0,jfk,40.6413,-73.7781
2025-01-09 03:00:00+00:00,-5.75,49.486935,-12.717278,0.0,0.0,0.0,23.33136,292.21188,1.0,25.0,jfk,40.6413,-73.7781
2025-01-09 04:00:00+00:00,-5.9,51.092365,-12.799624,0.0,0.0,0.0,22.96464,291.1343,2.0,62.0,jfk,40.6413,-73.7781
2025-01-09 05:00:00+00:00,-6.15,51.862724,-13.264335,0.0,0.0,0.0,24.41705,293.91962,2.0,71.0,jfk,40.6413,-73.7781
2025-01-09 06:00:00+00:00,-6.15,51.650528,-13.28735,0.0,0.0,0.0,24.555325,297.50415,3.0,87.0,jfk,40.6413,-73.7781
2025-01-09 07:00:00+00:00,-6.0,52.11947,-13.087293,0.0,0.0,0.0,24.310665,296.37527,2.0,78.0,jfk,40.6413,-73.7781
2025-01-09 08:00:00+00:00,-5.7,52.84956,-12.865031,0.0,0.0,0.0,25.025827,305.63358,2.0,72.0,jfk,40.6413,-73.7781
2025-01-09 09:00:00+00:00,-5.85,54.777813,-12.689303,0.0,0.0,0.0,22.916622,304.43906,3.0,100.0,jfk,40.6413,-73.7781
2025-01-09 10:00:00+00:00,-5.7,52.63455,-12.917341,0.0,0.0,0.0,25.364037,304.59235,1.0,40.0,jfk,40.6413,-73.7781
2025-01-09 11:00:00+00:00,-5.75,52.405815,-12.814134,0.0,0.0,0.0,24.27265,305.34018,2.0,72.0,jfk,40.6413,-73.7781
2025-01-09 12:00:00+00:00,-5.65,51.585857,-12.573723,0.0,0.0,0.0,23.269482,304.91946,1.0,30.0,jfk,40.6413,-73.7781
2025-01-09 13:00:00+00:00,-4.5,50.675156,-11.604528,0.0,0.0,0.0,24.864119,302.88477,1.0,22.0,jfk,40.6413,-73.7781
2025-01-09 14:00:00+00:00,-3.95,48.036217,-10.831735,0.0,0.0,0.0,23.27296,298.1506,1.0,20.0,jfk,40.6413,-73.7781
2025-01-09 15:00:00+00:00,-3.6,44.3823,-10.8839655,0.0,0.0,0.0,25.762016,303.02386,2.0,66.0,jfk,40.6413,-73.7781
2025-01-09 16:00:00+00:00,-3.1,41.89324,-10.282373,0.0,0.0,0.0,24.965551,304.72134,2.0,54.0,jfk,40.6413,-73.7781
2025-01-09 17:00:00+00:00,-2.0,39.735725,-9.584538,0.0,0.0,0.0,27.865139,307.38812,1.0,42.0,jfk,40.6413,-73.7781
2025-01-09 18:00:00+00:00,-1.7,41.479527,-9.417038,0.0,0.0,0.0,29.109959,310.48593,2.0,50.0,jfk,40.6413,-73.7781
2025-01-09 19:00:00+00:00,-1.45,44.860123,-9.186819,0.0,0.0,0.0,29.787687,314.02075,1.0,48.0,jfk,40.6413,-73.7781
2025-01-09 20:00:00+00:00,-2.15,47.04305,-9.686575,0.0,0.0,0.0,28.390398,313.71564,0.0,16.0,jfk,40.6413,-73.7781
2025-01-09 21:00:00+00:00,-3.0,52.14621,-10.484921,0.0,0.0,0.0,28.274326,312.9362,1.0,33.0,jfk,40.6413,-73.7781
2025-01-09 22:00:00+00:00,-3.05,54.685154,-10.38727,0.0,0.0,0.0,27.534704,318.1799,0.0,13.0,jfk,40.6413,-73.7781
2025-01-09 23:00:00+00:00,-3.55,58.36031,-10.6214485,0.0,0.0,0.0,25.890608,318.66428,1.0,35.0,jfk,40.6413,-73.7781
2025-01-10 00:00:00+00:00,-3.25,58.67152,-10.2869215,0.0,0.0,0.0,25.837994,315.28223,2.0,58.0,jfk,40.6413,-73.7781
2025-01-10 01:00:00+00:00,-1.95,55.86367,-8.957879,0.0,0.0,0.0,25.966208,314.43835,0.0,6.0,jfk,40.6413,-73.7781
2025-01-10 02:00:00+00:00,-1.85,57.44641,-8.54351,0.0,0.0,0.0,24.064188,316.51535,0.0,18.0,jfk,40.6413,-73.7781
2025-01-10 03:00:00+00:00,-1.75,58.378807,-8.314156,0.0,0.0,0.0,23.350794,319.06348,0.0,18.0,jfk,40.6413,-73.7781
2025-01-10 04:00:00+00:00,-1.75,58.15123,-8.292103,0.0,0.0,0.0,23.17041,316.25897,0.0,13.0,jfk,40.6413,-73.7781
2025-01-10 05:00:00+00:00,-2.1,58.286148,-8.595652,0.0,0.0,0.0,22.678572,312.42657,0.0,13.0,jfk,40.6413,-73.7781
2025-01-10 06:00:00+00:00,-2.4,58.895832,-8.960926,0.0,0.0,0.0,23.0407,315.94946,1.0,29.0,jfk,40.6413,-73.7781
2025-01-10 07:00:00+00:00,-2.65,59.527344,-9.14032,0.0,0.0,0.0,22.5,323.13,0.0,17.0,jfk,40.6413,-73.7781
2025-01-10 08:00:00+00:00,-2.7,59.748425,-8.976288,0.0,0.0,0.0,21.03229,318.12222,1.0,28.0,jfk,40.6413,-73.7781
2025-01-10 09:00:00+00:00,-2.85,60.18043,-8.919494,0.0,0.0,0.0,19.586119,323.97253,0.0,12.0,jfk,40.6413,-73.7781
2025-01-10 10:00:00+00:00,-2.95,60.391445,-8.984836,0.0,0.0,0.0,19.320465,326.0138,0.0,7.0,jfk,40.6413,-73.7781
2025-01-10 11:00:00+00:00,-3.0,59.202385,-9.007972,0.0,0.0,0.0,18.971008,326.61145,0.0,16.0,jfk,40.6413,-73.7781
2025-01-10 12:00:00+00:00,-3.15,59.396744,-8.937022,0.0,0.0,0.0,17.401447,320.8774,0.0,19.0,jfk,40.6413,-73.7781
2025-01-10 13:00:00+00:00,-2.25,59.16651,-7.9957156,0.0,0.0,0.0,17.564533,315.0001,2.0,61.0,jfk,40.6413,-73.7781
2025-01-10 14:00:00+00:00,-1.2,53.7058,-6.558187,0.0,0.0,0.0,14.766584,314.01233,3.0,87.0,jfk,40.6413,-73.7781
2025-01-10 15:00:00+00:00,-0.35,49.105858,-5.777466,0.0,0.0,0.0,15.048042,323.2671,1.0,42.0,jfk,40.6413,-73.7781
2025-01-10 16:00:00+00:00,0.9,44.3326,-4.29379,0.0,0.0,0.0,13.3649235,315.5456,1.0,20.0,jfk,40.6413,-73.7781
2025-01-10 17:00:00+00:00,2.1,41.164448,-3.2341287,0.0,0.0,0.0,14.410121,318.54486,0.0,18.0,jfk,40.6413,-73.7781
2025-01-10 18:00:00+00:00,2.9,43.223248,-2.20607,0.0,0.0,0.0,13.624228,316.60596,2.0,75.0,jfk,40.6413,-73.7781
2025-01-10 19:00:00+00:00,3.2,43.820583,-1.6540856,0.0,0.0,0.0,12.172312,308.3952,3.0,99.0,jfk,40.6413,-73.7781
2025-01-10 20:00:00+00:00,3.0,44.617176,-1.706583,0.0,0.0,0.0,11.19189,297.80136,3.0,100.0,jfk,40.6413,-73.7781
2025-01-10 21:00:00+00:00,2.3,49.304337,-2.0690947,0.0,0.0,0.0,9.292255,291.59537,3.0,100.0,jfk,40.6413,-73.7781
2025-01-10 22:00:00+00:00,1.45,51.9876,-2.8283725,0.0,0.0,0.0,8.604301,285.78082,3.0,97.0,jfk,40.6413,-73.7781
2025-01-10 23:00:00+00:00,0.8,52.40861,-3.5423982,0.0,0.0,0.0,8.723967,291.80145,3.0,98.0,jfk,40.6413,-73.7781
2025-01-11 00:00:00+00:00,0.1,53.651123,-4.446318,0.0,0.0,0.0,9.904906,289.0936,3.0,100.0,jfk,40.6413,-73.7781
2025-01-11 01:00:00+00:00,0.95,59.310795,-3.1873407,0.0,0.0,0.0,8.482947,287.2816,3.0,100.0,jfk,40.6413,-73.7781
2025-01-11 02:00:00+00:00,0.55,60.813076,-3.4657373,0.0,0.0,0.0,7.613382,276.78888,3.0,100.0,jfk,40.6413,-73.7781
2025-01-11 03:00:00+00:00,0.25,63.10139,-3.527339,0.0,0.0,0.0,6.12,298.0724,3.0,100.0,jfk,40.6413,-73.7781
2025-01-11 04:00:00+00:00,-0.05,66.73354,-3.5647943,0.0,0.0,0.0,4.6452556,305.53775,3.0,99.0,jfk,40.6413,-73.7781
2025-01-11 05:00:00+00:00,-0.25,68.744705,-3.7350535,0.0,0.0,0.0,4.5891175,258.6901,3.0,100.0,jfk,40.6413,-73.7781
2025-01-11 06:00:00+00:00,-0.25,67.709694,-3.9986196,0.0,0.0,0.0,6.2483597,258.3664,3.0,100.0,jfk,40.6413,-73.7781
2025-01-11 07:00:00+00:00,-0.5,69.214485,-3.9426386,0.1,0.07,0.0,4.186693,244.5367,71.0,100.0,jfk,40.6413,-73.7781
2025-01-11 08:00:00+00:00,-0.75,72.93122,-4.677484,0.2,0.14,0.0,7.8480825,233.39284,71.0,100.0,jfk,40.6413,-73.7781
2025-01-11 09:00:00+00:00,-1.15,77.6885,-5.268435,0.3,0.21000001,0.0,9.504272,232.69597,73.0,100.0,jfk,40.6413,-73.7781
2025-01-11 10:00:00+00:00,-1.65,82.74047,-5.34814,0.5,0.35,0.0,6.8989563,254.87593,73.0,100.0,jfk,40.6413,-73.7781
2025-01-11 11:00:00+00:00,-2.1,84.252716,-5.618493,0.4,0.28,0.0,5.506941,281.3099,73.0,100.0,jfk,40.6413,-73.7781
2025-01-11 12:00:00+00:00,-2.35,83.905685,-5.877117,0.1,0.07,0.0,5.3305535,281.68933,71.0,100.0,jfk,40.6413,-73.7781
2025-01-11 13:00:00+00:00,-2.4,83.26872,-5.990491,0.0,0.0,0.0,5.6492476,300.65057,3.0,100.0,jfk,40.6413,-73.7781
2025-01-11 14:00:00+00:00,-2.2,82.046875,-5.8439074,0.0,0.0,0.0,6.015878,308.92755,3.0,96.0,jfk,40.6413,-73.7781
2025-01-11 15:00:00+00:00,-1.4,79.42344,-5.0779076,0.0,0.0,0.0,6.522361,309.40063,3.0,80.0,jfk,40.6413,-73.7781
2025-01-11 16:00:00+00:00,-0.7,77.18033,-4.8933525,0.0,0.0,0.0,10.296251,323.53067,3.0,99.0,jfk,40.6413,-73.7781
2025-01-11 17:00:00+00:00,-0.25,76.1067,-4.746903,0.0,0.0,0.0,12.5807,326.08252,3.0,100.0,jfk,40.6413,-73.7781
2025-01-11 18:00:00+00:00,0.05,73.35885,-4.6834593,0.0,0.0,0.0,14.041154,323.86453,3.0,100.0,jfk,40.6413,-73.7781
2025-01-11 19:00:00+00:00,0.25,69.373085,-4.903861,0.0,0.0,0.0,16.489416,323.88055,3.0,100.0,jfk,40.6413,-73.7781
2025-01-11 20:00:00+00:00,0.3,72.31357,-4.6688824,0.0,0.0,0.0,15.696165,323.39282,3.0,100.0,jfk,40.6413,-73.7781
2025-01-11 21:00:00+00:00,0.25,73.672005,-4.3622594,0.0,0.0,0.0,13.413321,319.89914,3.0,100.0,jfk,40.6413,-73.7781
2025-01-11 22:00:00+00:00,0.1,72.27464,-4.8136106,0.0,0.0,0.0,15.156384,307.27826,3.0,100.0,jfk,40.6413,-73.7781
2025-01-11 23:00:00+00:00,-0.4,70.55918,-5.551342,0.0,0.0,0.0,16.16496,315.45108,1.0,30.0,jfk,40.6413,-73.7781
2025-01-12 00:00:00+00:00,-1.55,67.94137,-7.0727396,0.0,0.0,0.0,17.564533,315.0001,0.0,5.0,jfk,40.6413,-73.7781
2025-01-12 01:00:00+00:00,-1.05,62.063175,-6.773264,0.0,0.0,0.0,18.47698,312.23608,0.0,7.0,jfk,40.6413,-73.7781
2025-01-12 02:00:00+00:00,-1.3,62.723824,-7.0112615,0.0,0.0,0.0,18.329973,315.79562,0.0,9.0,jfk,40.6413,-73.7781
2025-01-12 03:00:00+00:00,-1.5,62.917522,-7.160287,0.0,0.0,0.0,17.884428,319.89914,0.0,7.0,jfk,40.6413,-73.7781
2025-01-12 04:00:00+00:00,-1.5,64.14406,-6.9762416,0.0,0.0,0.0,16.782528,321.5321,0.0,1.0,jfk,40.6413,-73.7781
2025-01-12 05:00:00+00:00,-1.5,65.89695,-6.848126,0.0,0.0,0.0,16.13286,324.53656,1.0,34.0,jfk,40.6413,-73.7781
2025-01-12 06:00:00+00:00,-1.4,67.197365,-6.5827155,0.0,0.0,0.0,15.233148,324.61966,1.0,29.0,jfk,40.6413,-73.7781
2025-01-12 07:00:00+00:00,-1.05,67.01872,-5.852318,0.0,0.0,0.0,12.830604,325.864,3.0,95.0,jfk,40.6413,-73.7781
2025-01-12 08:00:00+00:00,-0.8,67.0747,-5.3078127,0.0,0.0,0.0,10.9859,325.0079,2.0,62.0,jfk,40.6413,-73.7781
2025-01-12 09:00:00+00:00,-0.9,67.824646,-5.2395515,0.0,0.0,0.0,9.867218,308.33337,0.0,17.0,jfk,40.6413,-73.7781
2025-01-12 10:00:00+00:00,-1.1,69.61551,-5.502387,0.0,0.0,0.0,10.404249,300.11365,0.0,11.0,jfk,40.6413,-73.7781
2025-01-12 11:00:00+00:00,-1.35,69.56281,-5.6591024,0.0,0.0,0.0,9.587428,320.33218,0.0,7.0,jfk,40.6413,-73.7781
2025-01-12 12:00:00+00:00,-1.7,68.958405,-5.7553835,0.0,0.0,0.0,7.5363917,319.84406,0.0,1.0,jfk,40.6413,-73.7781
2025-01-12 13:00:00+00:00,-1.1,63.50235,-5.2115116,0.0,0.0,0.0,7.587806,292.30624,0.0,1.0,jfk,40.6413,-73.7781
2025-01-12 14:00:00+00:00,0.1,60.69953,-4.026417,0.0,0.0,0.0,8.0599,293.70264,0.0,1.0,jfk,40.6413,-73.7781
2025-01-12 15:00:00+00:00,1.65,54.08211,-2.6239986,0.0,0.0,0.0,9.039514,305.2725,0.0,0.0,jfk,40.6413,-73.7781
2025-01-12 16:00:00+00:00,2.55,50.721493,-1.7569141,0.0,0.0,0.0,9.2660675,299.0545,0.0,0.0,jfk,40.6413,-73.7781
2025-01-12 17:00:00+00:00,3.35,51.92762,-1.0148005,0.0,0.0,0.0,10.404249,307.26648,1.0,28.0,jfk,40.6413,-73.7781
2025-01-12 18:00:00+00:00,4.4,48.60234,0.05420971,0.0,0.0,0.0,10.348043,310.0607,3.0,100.0,jfk,40.6413,-73.7781
2025-01-12 19:00:00+00:00,4.45,51.454777,0.25583506,0.0,0.0,0.0,9.913082,299.35767,3.0,82.0,jfk,40.6413,-73.7781
2025-01-12 20:00:00+00:00,4.35,55.233402,0.4981537,0.0,0.0,0.0,8.244708,306.11945,1.0,45.0,jfk,40.6413,-73.7781
2025-01-12 21:00:00+00:00,3.7,62.055496,0.24917316,0.0,0.0,0.0,6.299999,323.13,1.0,42.0,jfk,40.6413,-73.7781
2025-01-12 22:00:00+00:00,2.0,69.99834,-0.8026166,0.0,0.0,0.0,1.8532133,299.0545,1.0,39.0,jfk,40.6413,-73.7781
2025-01-12 23:00:00+00:00,1.75,71.79032,-1.253629,0.0,0.0,0.0,3.319036,220.60121,1.0,36.0,jfk,40.6413,-73.7781
2025-01-13 00:00:00+00:00,1.6,74.47162,-1.5085201,0.0,0.0,0.0,4.3498964,245.55606,1.0,25.0,jfk,40.6413,-73.7781
2025-01-13 01:00:00+00:00,1.35,61.24557,-2.302638,0.0,0.0,0.0,5.7402787,311.18582,2.0,59.0,jfk,40.6413,-73.7781
2025-01-13 02:00:00+00:00,0.9,64.95612,-2.7699764,0.0,0.0,0.0,6.1226463,294.30453,3.0,84.0,jfk,40.6413,-73.7781
2025-01-13 03:00:00+00:00,0.45,68.37702,-3.1493075,0.0,0.0,0.0,5.8298883,261.11942,3.0,100.0,jfk,40.6413,-73.7781
2025-01-13 04:00:00+00:00,0.8,72.140495,-2.69853,0.0,0.0,0.0,5.9834766,248.83867,3.0,100.0,jfk,40.6413,-73.7781
2025-01-13 05:00:00+00:00,0.9,74.62165,-2.6816702,0.0,0.0,0.0,7.0199995,247.3801,3.0,100.0,jfk,40.6413,-73.7781
2025-01-13 06:00:00+00:00,0.95,73.802216,-2.7958603,0.0,0.0,0.0,8.0599,246.29735,3.0,94.0,jfk,40.6413,-73.7781
2025-01-13 07:00:00+00:00,0.6,72.64309,-3.200513,0.0,0.0,0.0,7.970972,244.59233,3.0,99.0,jfk,40.6413,-73.7781
2025-01-13 08:00:00+00:00,0.5,72.35242,-3.400968,0.0,0.0,0.0,8.536252,245.05612,2.0,70.0,jfk,40.6413,-73.7781
2025-01-13 09:00:00+00:00,0.25,73.396545,-3.6233127,0.0,0.0,0.0,8.305396,240.10118,1.0,37.0,jfk,40.6413,-73.7781
2025-01-13 10:00:00+00:00,0.0,74.45839,-3.9650218,0.0,0.0,0.0,8.893166,234.0578,0.0,15.0,jfk,40.6413,-73.7781
2025-01-13 11:00:00+00:00,-0.15,74.710846,-4.368212,0.0,0.0,0.0,10.548061,233.32556,0.0,1.0,jfk,40.6413,-73.7781
2025-01-13 12:00:00+00:00,-0.35,73.83703,-4.610798,0.0,0.0,0.0,10.560341,240.37634,0.0,0.0,jfk,40.6413,-73.7781
2025-01-13 13:00:00+00:00,-0.05,69.30978,-4.395749,0.0,0.0,0.0,10.717182,240.85202,0.0,0.0,jfk,40.6413,-73.7781
2025-01-13 14:00:00+00:00,0.75,64.67603,-3.4464095,0.0,0.0,0.0,9.580668,244.39786,1.0,30.0,jfk,40.6413,-73.7781
2025-01-13 15:00:00+00:00,1.6,60.38669,-2.5953217,0.0,0.0,0.0,9.499158,242.94948,1.0,44.0,jfk,40.6413,-73.7781
2025-01-13 16:00:00+00:00,2.35,60.803947,-1.6669006,0.0,0.0,0.0,8.891343,238.24055,3.0,99.0,jfk,40.6413,-73.7781
2025-01-13 17:00:00+00:00,2.85,61.847958,-1.1692345,0.0,0.0,0.0,9.473541,231.17017,1.0,49.0,jfk,40.6413,-73.7781
2025-01-13 18:00:00+00:00,4.3,60.8354,0.3479643,0.0,0.0,0.0,10.00256,210.25635,0.0,0.0,jfk,40.6413,-73.7781
2025-01-13 19:00:00+00:00,5.35,56.961113,0.9201002,0.0,0.0,0.0,13.369771,226.63654,0.0,5.0,jfk,40.6413,-73.7781
2025-01-13 20:00:00+00:00,6.15,51.163635,0.95989513,0.0,0.0,0.0,17.968472,259.0278,0.0,5.0,jfk,40.6413,-73.7781
2025-01-13 21:00:00+00:00,5.15,52.23514,-0.24751568,0.0,0.0,0.0,18.844202,263.41815,0.0,19.0,jfk,40.6413,-73.7781
2025-01-13 22:00:00+00:00,3.95,48.28757,-1.8533664,0.0,0.0,0.0,19.98081,270.51614,0.0,0.0,jfk,40.6413,-73.7781
2025-01-13 23:00:00+00:00,2.85,50.42,-2.1634924,0.0,0.0,0.0,14.248452,273.6214,0.0,0.0,jfk,40.6413,-73.7781
2025-01-14 00:00:00+00:00,2.1,53.588554,-2.6631007,0.0,0.0,0.0,12.599999,270.0,0.0,0.0,jfk,40.6413,-73.7781
2025-01-14 01:00:00+00:00,2.05,60.272224,-2.4681973,0.0,0.0,0.0,12.016938,253.46509,0.0,0.0,jfk,40.6413,-73.7781
2025-01-14 02:00:00+00:00,1.4,60.33612,-3.2962203,0.0,0.0,0.0,12.785069,268.3865,0.0,0.0,jfk,40.6413,-73.7781
2025-01-14 03:00:00+00:00,1.25,56.513885,-3.7097929,0.0,0.0,0.0,13.878688,267.02634,0.0,0.0,jfk,40.6413,-73.7781
2025-01-14 04:00:00+00:00,0.85,56.190186,-4.2579947,0.0,0.0,0.0,14.588885,279.2298,0.0,0.0,jfk,40.6413,-73.7781
2025-01-14 05:00:00+00:00,0.2,58.439465,-4.435668,0.0,0.0,0.0,11.282711,303.94363,0.0,0.0,jfk,40.6413,-73.7781
2025-01-14 06:00:00+00:00,-0.4,60.340218,-4.8964663,0.0,0.0,0.0,10.228373,298.36896,0.0,0.0,jfk,40.6413,-73.7781
2025-01-14 07:00:00+00:00,-0.95,61.37379,-5.5330286,0.0,0.0,0.0,10.6261,296.13095,0.0,0.0,jfk,40.6413,-73.7781
2025-01-14 08:00:00+00:00,-1.5,60.998447,-6.205984,0.0,0.0,0.0,11.090103,305.75397,0.0,14.0,jfk,40.6413,-73.7781
2025-01-14 09:00:00+00:00,-2.0,58.77066,-6.9550476,0.0,0.0,0.0,12.229406,312.614,0.0,10.0,jfk,40.6413,-73.7781
2025-01-14 10:00:00+00:00,-2.5,56.82226,-7.661672,0.0,0.0,0.0,13.1412325,306.08517,0.0,5.0,jfk,40.6413,-73.7781
2025-01-14 11:00:00+00:00,-2.85,54.95863,-8.337584,0.0,0.0,0.0,14.978984,302.7352,0.0,1.0,jfk,40.6413,-73.7781
2025-01-14 12:00:00+00:00,-3.25,49.62623,-9.1728525,0.0,0.0,0.0,17.161469,294.14554,0.0,0.0,jfk,40.6413,-73.7781
2025-01-14 13:00:00+00:00,-2.35,50.091038,-8.34454,0.0,0.0,0.0,18.1041,287.3541,0.0,11.0,jfk,40.6413,-73.7781
2025-01-14 14:00:00+00:00,-2.1,45.57028,-8.310877,0.0,0.0,0.0,19.137648,286.38962,0.0,3.0,jfk,40.6413,-73.7781
2025-01-14 15:00:00+00:00,-1.6,41.84776,-8.189923,0.0,0.0,0.0,21.46835,290.10632,0.0,0.0,jfk,40.6413,-73.7781
2025-01-14 16:00:00+00:00,-1.3,35.93501,-8.287545,0.0,0.0,0.0,23.532547,299.3099,0.0,0.0,jfk,40.6413,-73.7781
2025-01-14 17:00:00+00:00,-1.15,39.35733,-7.7559175,0.0,0.0,0.0,21.426807,301.9543,0.0,0.0,jfk,40.6413,-73.7781
2025-01-14 18:00:00+00:00,-0.2,37.323204,-6.874013,0.0,0.0,0.0,21.980644,301.60745,1.0,32.0,jfk,40.6413,-73.7781
2025-01-14 19:00:00+00:00,-0.1,39.20757,-6.487908,0.0,0.0,0.0,20.33044,290.1999,1.0,26.0,jfk,40.6413,-73.7781
2025-01-14 20:00:00+00:00,0.1,38.33309,-6.0740113,0.0,0.0,0.0,18.818396,291.90323,0.0,5.0,jfk,40.6413,-73.7781
2025-01-14 21:00:00+00:00,-0.1,38.736732,-5.899126,0.0,0.0,0.0,16.224981,287.42996,0.0,10.0,jfk,40.6413,-73.7781
2025-01-14 22:00:00+00:00,-1.1,43.724087,-6.645234,0.0,0.0,0.0,14.759999,282.68036,1.0,43.0,jfk,40.6413,-73.7781
2025-01-14 23:00:00+00:00,-1.65,44.619614,-7.3255634,0.0,0.0,0.0,15.536408,280.0079,3.0,96.0,jfk,40.6413,-73.7781
2025-01-15 00:00:00+00:00,-2.05,43.257366,-7.852498,0.0,0.0,0.0,16.068466,279.67328,1.0,43.0,jfk,40.6413,-73.7781
2025-01-15 01:00:00+00:00,-1.9,45.998825,-7.6954975,0.0,0.0,0.0,16.42839,274.39862,3.0,98.0,jfk,40.6413,-73.7781
2025-01-15 02:00:00+00:00,-2.3,48.14258,-8.169092,0.0,0.0,0.0,17.026896,283.44864,2.0,66.0,jfk,40.6413,-73.7781
2025-01-15 03:00:00+00:00,-2.5,51.055683,-8.21859,0.0,0.0,0.0,16.260885,296.28134,3.0,100.0,jfk,40.6413,-73.7781
2025-01-15 04:00:00+00:00,-2.75,49.574818,-8.796356,0.0,0.0,0.0,18.218275,307.77576,1.0,34.0,jfk,40.6413,-73.7781
2025-01-15 05:00:00+00:00,-3.8,45.05106,-10.442942,0.0,0.0,0.0,21.366234,299.80466,0.0,5.0,jfk,40.6413,-73.7781
2025-01-15 06:00:00+00:00,-4.3,43.624966,-10.842465,0.0,0.0,0.0,20.343184,300.87674,0.0,4.0,jfk,40.6413,-73.7781
2025-01-15 07:00:00+00:00,-4.7,42.78781,-11.3385,0.0,0.0,0.0,20.778112,305.48007,0.0,4.0,jfk,40.6413,-73.7781
2025-01-15 08:00:00+00:00,-4.9,43.438553,-11.377213,0.0,0.0,0.0,19.67195,304.5626,0.0,1.0,jfk,40.6413,-73.7781
2025-01-15 09:00:00+00:00,-5.1,46.337685,-11.510984,0.0,0.0,0.0,19.440832,306.33948,0.0,4.0,jfk,40.6413,-73.7781
2025-01-15 10:00:00+00:00,-5.25,49.43369,-11.566632,0.0,0.0,0.0,19.046858,300.6851,0.0,5.0,jfk,40.6413,-73.7781
2025-01-15 11:00:00+00:00,-5.05,50.512993,-11.062838,0.0,0.0,0.0,17.146358,296.83395,1.0,21.0,jfk,40.6413,-73.7781
2025-01-15 12:00:00+00:00,-4.75,51.638927,-10.783986,0.0,0.0,0.0,17.52298,303.6901,1.0,34.0,jfk,40.6413,-73.7781
2025-01-15 13:00:00+00:00,-4.2,51.590405,-10.298382,0.0,0.0,0.0,18.183563,301.64462,0.0,7.0,jfk,40.6413,-73.7781
2025-01-15 14:00:00+00:00,-3.25,49.22839,-9.395916,0.0,0.0,0.0,18.645428,300.77396,0.0,2.0,jfk,40.6413,-73.7781
2025-01-15 15:00:00+00:00,-2.2,43.56235,-9.134644,0.0,0.0,0.01,23.809721,316.53152,1.0,45.0,jfk,40.6413,-73.7781
2025-01-15 16:00:00+00:00,-1.5,40.544426,-8.507912,0.0,0.0,0.01,24.20448,317.41107,1.0,42.0,jfk,40.6413,-73.7781
2025-01-15 17:00:00+00:00,-1.25,41.284195,-8.042367,0.0,0.0,0.01,22.922983,313.09085,3.0,95.0,jfk,40.6413,-73.7781
2025-01-15 18:00:00+00:00,-1.25,40.458023,-8.131585,0.0,0.0,0.01,23.424908,313.7547,2.0,57.0,jfk,40.6413,-73.7781
2025-01-15 19:00:00+00:00,-1.25,39.969437,-7.973252,0.0,0.0,0.01,22.274227,315.3274,1.0,39.0,jfk,40.6413,-73.7781
2025-01-15 20:00:00+00:00,-1.45,40.889896,-7.8713923,0.0,0.0,0.01,20.247398,313.19885,1.0,47.0,jfk,40.6413,-73.7781
2025-01-15 21:00:00+00:00,-1.75,40.79672,-8.374418,0.0,0.0,0.01,21.510565,314.661,2.0,60.0,jfk,40.6413,-73.7781
2025-01-15 22:00:00+00:00,-2.4,44.03254,-8.214938,0.0,0.0,0.0025,16.109749,309.55963,0.0,0.0,jfk,40.6413,-73.7781
2025-01-15 23:00:00+00:00,-2.85,46.45545,-8.623474,0.0,0.0,0.005,15.934829,311.7947,0.0,4.0,jfk,40.6413,-73.7781
2025-01-16 00:00:00+00:00,-3.1,48.486023,-8.557454,0.0,0.0,0.0075,13.902015,318.6746,0.0,6.0,jfk,40.6413,-73.7781
2025-01-16 01:00:00+00:00,-2.55,52.068043,-8.019314,0.0,0.0,0.01,14.650938,312.5104,0.0,1.0,jfk,40.6413,-73.7781
2025-01-16 02:00:00+00:00,-2.75,53.48001,-7.948755,0.0,0.0,0.01,12.870944,312.16583,0.0,3.0,jfk,40.6413,-73.7781
2025-01-16 03:00:00+00:00,-2.85,54.524235,-7.675191,0.0,0.0,0.01,10.385547,295.67676,0.0,1.0,jfk,40.6413,-73.7781
2025-01-16 04:00:00+00:00,-3.05,56.67272,-7.6200128,0.0,0.0,0.01,8.790563,280.6196,0.0,3.0,jfk,40.6413,-73.7781
2025-01-16 05:00:00+00:00,-3.15,55.533035,-7.786321,0.0,0.0,0.01,9.0645685,276.84268,2.0,77.0,jfk,40.6413,-73.7781
2025-01-16 06:00:00+00:00,-2.95,51.53931,-7.736388,0.0,0.0,0.01,9.721666,271.06088,3.0,100.0,jfk,40.6413,-73.7781
2025-01-16 07:00:00+00:00,-2.65,53.084885,-7.450139,0.0,0.0,0.01,10.1376915,263.88458,1.0,36.0,jfk,40.6413,-73.7781
2025-01-16 08:00:00+00:00,-2.85,57.8581,-7.9152055,0.0,0.0,0.01,12.425216,268.33975,0.0,0.0,jfk,40.6413,-73.7781
2025-01-16 09:00:00+00:00,-3.45,57.697117,-8.506674,0.0,0.0,0.01,12.049249,283.82867,0.0,0.0,jfk,40.6413,-73.7781
2025-01-16 10:00:00+00:00,-3.95,57.333614,-8.69724,0.0,0.0,0.01,9.6480665,284.03625,3.0,96.0,jfk,40.6413,-73.7781
2025-01-16 11:00:00+00:00,-4.45,58.11965,-9.059189,0.0,0.0,0.01,8.553314,278.47107,2.0,65.0,jfk,40.6413,-73.7781
2025-01-16 12:00:00+00:00,-4.95,59.158436,-9.589498,0.0,0.0,0.01,8.64,270.0,0.0,11.0,jfk,40.6413,-73.7781
2025-01-16 13:00:00+00:00,-5.3,56.50838,-10.225213,0.0,0.0,0.01,10.182337,261.87,2.0,55.0,jfk,40.6413,-73.7781
2025-01-16 14:00:00+00:00,-4.75,50.601524,-9.725489,0.0,0.0,0.01,10.158444,262.8751,2.0,53.0,jfk,40.6413,-73.7781
2025-01-16 15:00:00+00:00,-3.75,45.994404,-8.640678,0.0,0.0,0.01,9.473541,255.69969,1.0,36.0,jfk,40.6413,-73.7781
2025-01-16 16:00:00+00:00,-2.8,42.85111,-7.65595,0.0,0.0,0.01,9.236298,236.92932,1.0,47.0,jfk,40.6413,-73.7781
2025-01-16 17:00:00+00:00,-2.05,42.735413,-7.1929703,0.0,0.0,0.01,11.480557,228.81418,3.0,89.0,jfk,40.6413,-73.7781
2025-01-16 18:00:00+00:00,-1.3,41.10227,-6.465157,0.0,0.0,0.01,11.720751,222.5104,3.0,100.0,jfk,40.6413,-73.7781
2025-01-16 19:00:00+00:00,-1.15,42.84008,-6.2918587,0.0,0.0,0.01,11.854062,228.07755,3.0,100.0,jfk,40.6413,-73.7781
2025-01-16 20:00:00+00:00,-1.05,45.342445,-6.1196337,0.0,0.0,0.01,11.738705,234.3601,3.0,100.0,jfk,40.6413,-73.7781
2025-01-16 21:00:00+00:00,-1.4,51.577515,-6.141299,0.1,0.07,0.01,10.152064,232.92683,71.0,100.0,jfk,40.6413,-73.7781
2025-01-16 22:00:00+00:00,-1.6,54.872654,-5.970647,0.1,0.07,0.01,7.9383874,237.0306,71.0,100.0,jfk,40.6413,-73.7781
2025-01-16 23:00:00+00:00,-1.45,54.485012,-5.7042575,0.0,0.0,0.01,7.1684303,241.50446,3.0,100.0,jfk,40.6413,-73.7781
2025-01-17 00:00:00+00:00,-1.4,54.928093,-5.8291607,0.0,0.0,0.01,8.452336,243.43501,3.0,100.0,jfk,40.6413,-73.7781
2025-01-17 01:00:00+00:00,-1.8,67.886345,-6.3506994,0.1,0.07,0.01,10.730778,247.30617,71.0,100.0,jfk,40.6413,-73.7781
2025-01-17 02:00:00+00:00,-2.15,72.93932,-6.6286726,0.1,0.07,0.01,10.644379,251.25856,71.0,93.0,jfk,40.6413,-73.7781
2025-01-17 03:00:00+00:00,-2.4,74.58386,-6.9490666,0.0,0.0,0.01,11.16145,270.924,3.0,100.0,jfk,40.6413,-73.7781
2025-01-17 04:00:00+00:00,-2.5,74.85121,-6.907886,0.0,0.0,0.01,10.158444,277.1249,1.0,33.0,jfk,40.6413,-73.7781
2025-01-17 05:00:00+00:00,-3.1,77.9611,-7.4849024,0.0,0.0,0.01,9.96524,286.79846,3.0,99.0,jfk,40.6413,-73.7781
2025-01-17 06:00:00+00:00,-3.2,77.94479,-7.5876093,0.0,0.0,0.01,9.914717,285.80258,1.0,40.0,jfk,40.6413,-73.7781
2025-01-17 07:00:00+00:00,-3.5,78.797226,-7.9594164,0.0,0.0,0.01,10.304115,289.3846,0.0,0.0,jfk,40.6413,-73.7781
2025-01-17 08:00:00+00:00,-3.8,78.7498,-8.137546,0.0,0.0,0.01,9.266067,294.0755,0.0,0.0,jfk,40.6413,-73.7781
2025-01-17 09:00:00+00:00,-3.95,77.822,-8.292498,0.0,0.0,0.01,9.102021,294.53772,0.0,7.0,jfk,40.6413,-73.7781
2025-01-17 10:00:00+00:00,-4.1,76.90169,-8.532675,0.0,0.0,0.01,9.526405,292.20352,0.0,0.0,jfk,40.6413,-73.7781
2025-01-17 11:00:00+00:00,-4.15,75.71291,-8.731079,0.0,0.0,0.01,10.385547,295.67676,0.0,0.0,jfk,40.6413,-73.7781
2025-01-17 12:00:00+00:00,-4.0,73.42939,-8.606478,0.0,0.0,0.01,10.404249,300.11365,0.0,0.0,jfk,40.6413,-73.7781
2025-01-17 13:00:00+00:00,-3.7,66.938805,-8.287382,0.0,0.0,0.01,9.734987,289.44012,0.0,0.0,jfk,40.6413,-73.7781
2025-01-17 14:00:00+00:00,-2.4,61.48603,-6.8924017,0.0,0.0,0.01,9.172938,285.94547,0.0,3.0,jfk,40.6413,-73.7781
2025-01-17 15:00:00+00:00,-0.45,54.54979,-4.7884808,0.0,0.0,0.01,8.297589,282.5288,0.0,1.0,jfk,40.6413,-73.7781
2025-01-17 16:00:00+00:00,1.3,49.587658,-2.9751453,0.0,0.0,0.01,8.107996,267.45526,0.0,0.0,jfk,40.6413,-73.7781
2025-01-17 17:00:00+00:00,2.4,47.650436,-1.7506452,0.0,0.0,0.01,7.5685663,244.65387,0.0,3.0,jfk,40.6413,-73.7781
2025-01-17 18:00:00+00:00,3.1,50.68464,-1.0340691,0.0,0.0,0.01,8.427383,250.0168,0.0,4.0,jfk,40.6413,-73.7781
2025-01-17 19:00:00+00:00,4.05,48.500954,-0.13661194,0.0,0.0,0.01,9.0018,258.4654,2.0,56.0,jfk,40.6413,-73.7781
2025-01-17 20:00:00+00:00,4.4,50.098297,0.5353632,0.0,0.0,0.01,7.3469996,239.03632,3.0,98.0,jfk,40.6413,-73.7781
2025-01-17 21:00:00+00:00,3.8,58.927963,0.35123014,0.0,0.0,0.01,5.771239,183.57626,3.0,95.0,jfk,40.6413,-73.7781
2025-01-17 22:00:00+00:00,2.6,61.095295,-1.0594089,0.0,0.0,0.01,6.6794305,194.03627,0.0,3.0,jfk,40.6413,-73.7781
2025-01-17 23:00:00+00:00,2.45,60.146343,-1.2151256,0.0,0.0,0.01,6.439876,206.56499,0.0,0.0,jfk,40.6413,-73.7781
2025-01-18 00:00:00+00:00,2.65,60.196846,-1.4041471,0.0,0.0,0.01,9.266067,204.0755,1.0,22.0,jfk,40.6413,-73.7781
2025-01-18 01:00:00+00:00,2.65,60.196846,-1.3495002,0.0,0.0,0.01,8.891343,211.75943,0.0,0.0,jfk,40.6413,-73.7781
2025-01-18 02:00:00+00:00,2.5,65.569595,-1.9287417,0.0,0.0,0.01,12.659004,209.84584,0.0,3.0,jfk,40.6413,-73.7781
2025-01-18 03:00:00+00:00,2.6,65.10557,-2.1907432,0.0,0.0,0.01,15.141414,208.39293,0.0,0.0,jfk,40.6413,-73.7781
2025-01-18 04:00:00+00:00,1.85,67.40811,-2.795011,0.0,0.0,0.01,13.929953,212.86867,0.0,0.0,jfk,40.6413,-73.7781
2025-01-18 05:00:00+00:00,1.15,68.52759,-3.4866204,0.0,0.0,0.01,13.5,216.86998,3.0,100.0,jfk,40.6413,-73.7781
2025-01-18 06:00:00+00:00,1.0,70.053314,-3.5905666,0.0,0.0,0.01,13.306615,210.03319,3.0,100.0,jfk,40.6413,-73.7781
2025-01-18 07:00:00+00:00,1.35,69.60365,-3.3125353,0.0,0.0,0.01,14.007655,205.90645,3.0,98.0,jfk,40.6413,-73.7781
2025-01-18 08:00:00+00:00,1.6,68.62388,-3.1739337,0.0,0.0,0.01,14.813683,207.49905,1.0,42.0,jfk,40.6413,-73.7781
2025-01-18 09:00:00+00:00,2.2,70.822426,-2.6350157,0.0,0.0,0.01,16.09969,206.56499,3.0,98.0,jfk,40.6413,-73.7781
2025-01-18 10:00:00+00:00,2.6,73.56303,-2.1275,0.0,0.0,0.01,16.192997,204.28581,3.0,100.0,jfk,40.6413,-73.7781
2025-01-18 11:00:00+00:00,3.1,75.84072,-1.5287557,0.0,0.0,0.01,16.396805,197.24155,3.0,100.0,jfk,40.6413,-73.7781
2025-01-18 12:00:00+00:00,3.8,77.06981,-0.8702309,0.0,0.0,0.01,17.615187,191.19507,3.0,100.0,jfk,40.6413,-73.7781
2025-01-18 13:00:00+00:00,4.9,74.52032,-0.19912767,0.0,0.0,0.01,21.210234,186.82336,3.0,100.0,jfk,40.6413,-73.7781
2025-01-18 14:00:00+00:00,5.85,73.3641,0.8606701,0.0,0.0,0.01,21.2522,181.94144,3.0,100.0,jfk,40.6413,-73.7781
2025-01-18 15:00:00+00:00,6.8,71.47282,1.802114,0.0,0.0,0.01,21.960737,180.46962,3.0,100.0,jfk,40.6413,-73.7781
2025-01-18 16:00:00+00:00,7.0,77.04006,2.354961,0.0,0.0,0.01,21.103033,171.66264,3.0,100.0,jfk,40.6413,-73.7781
2025-01-18 17:00:00+00:00,7.05,80.939575,2.6580925,0.0,0.0,0.01,20.364674,171.86998,3.0,100.0,jfk,40.6413,-73.7781
2025-01-18 18:00:00+00:00,7.0,84.11222,3.0011063,0.1,0.0,0.01,18.360882,180.56169,51.0,100.0,jfk,40.6413,-73.7781
2025-01-18 19:00:00+00:00,6.95,87.093216,3.6677647,0.5,0.0,0.01,14.087228,190.3048,53.0,100.0,jfk,40.6413,-73.7781
2025-01-18 20:00:00+00:00,6.4,91.39605,3.870203,0.7,0.0,0.01,9.144637,190.20392,53.0,100.0,jfk,40.6413,-73.7781
2025-01-18 21:00:00+00:00,6.3,92.34831,4.3752136,0.3,0.0,0.01,5.068846,196.50444,51.0,100.0,jfk,40.6413,-73.7781
2025-01-18 22:00:00+00:00,5.4,94.25247,3.4781837,0.5,0.0,0.01,4.186693,205.4633,53.0,100.0,jfk,40.6413,-73.7781
2025-01-18 23:00:00+00:00,5.15,94.2412,3.0809512,0.0,0.0,0.01,4.8466477,195.06854,3.0,100.0,jfk,40.6413,-73.7781
2025-01-19 00:00:00+00:00,5.45,94.254715,2.9108257,0.0,0.0,0.01,8.490582,212.00534,3.0,100.0,jfk,40.6413,-73.7781
2025-01-19 01:00:00+00:00,6.35,93.31865,3.6982212,0.0,0.0,0.01,10.348043,229.93927,3.0,100.0,jfk,40.6413,-73.7781
2025-01-19 02:00:00+00:00,5.75,93.940254,2.9983025,0.0,0.0,0.01,10.304115,250.61539,1.0,28.0,jfk,40.6413,-73.7781
2025-01-19 03:00:00+00:00,4.55,96.22139,1.6554298,0.0,0.0,0.01,10.094454,273.0664,0.0,4.0,jfk,40.6413,-73.7781
2025-01-19 04:00:00+00:00,3.45,96.87154,0.24314022,0.0,0.0,0.01,10.914888,283.34872,3.0,96.0,jfk,40.6413,-73.7781
2025-01-19 05:00:00+00:00,3.2,94.82409,-0.31518602,0.0,0.0,0.01,12.337553,293.1986,0.0,2.0,jfk,40.6413,-73.7781
2025-01-19 06:00:00+00:00,2.15,93.76639,-1.480602,0.0,0.0,0.01,11.7,300.51016,0.0,0.0,jfk,40.6413,-73.7781
2025-01-19 07:00:00+00:00,1.6,93.065445,-1.9804142,0.0,0.0,0.01,10.626099,308.8114,0.0,0.0,jfk,40.6413,-73.7781
2025-01-19 08:00:00+00:00,1.2,93.04347,-2.5712452,0.0,0.0,0.01,11.500296,320.07965,0.0,0.0,jfk,40.6413,-73.7781
2025-01-19 09:00:00+00:00,1.15,92.034744,-2.7370307,0.0,0.0,0.01,12.081473,326.54666,0.0,0.0,jfk,40.6413,-73.7781
2025-01-19 10:00:00+00:00,0.75,92.009605,-2.8855658,0.0,0.0,0.01,9.939196,324.58286,0.0,0.0,jfk,40.6413,-73.7781
2025-01-19 11:00:00+00:00,0.4,91.9875,-3.1792219,0.0,0.0,0.01,9.1958685,319.7637,0.0,7.0,jfk,40.6413,-73.7781
2025-01-19 12:00:00+00:00,0.05,92.640495,-3.685721,0.0,0.0,0.01,10.018743,342.216,0.0,11.0,jfk,40.6413,-73.7781
2025-01-19 13:00:00+00:00,1.7,90.748276,-1.617826,0.0,0.0,0.01,8.553314,351.52893,3.0,100.0,jfk,40.6413,-73.7781
2025-01-19 14:00:00+00:00,2.4,91.4535,-0.7314789,0.0,0.0,0.01,8.163749,14.036275,3.0,100.0,jfk,40.6413,-73.7781
2025-01-19 15:00:00+00:00,2.45,86.96076,-0.9526746,0.0,0.0,0.01,9.299225,14.574262,3.0,100.0,jfk,40.6413,-73.7781
2025-01-19 16:00:00+00:00,2.5,80.00585,-1.142004,0.0,0.0,0.0,9.781473,12.757541,3.0,100.0,jfk,40.6413,-73.7781
2025-01-19 17:00:00+00:00,2.65,76.31995,-1.1122024,0.0,0.0,0.0,10.105681,4.085537,3.0,100.0,jfk,40.6413,-73.7781
2025-01-19 18:00:00+00:00,2.55,72.4789,-1.1942616,0.0,0.0,0.0,9.215226,12.407412,3.0,100.0,jfk,40.6413,-73.7781
2025-01-19 19:00:00+00:00,1.9,75.912506,-1.9141049,0.1,0.07,0.0,9.6932955,344.93146,71.0,100.0,jfk,40.6413,-73.7781
2025-01-19 20:00:00+00:00,1.25,83.11322,-2.4555478,0.6,0.42000002,0.0,9.5196,15.350199,73.0,100.0,jfk,40.6413,-73.7781
2025-01-19 21:00:00+00:00,1.1,84.941734,-2.9741845,0.2,0.14,0.01,12.193588,8.488864,71.0,100.0,jfk,40.6413,-73.7781
2025-01-19 22:00:00+00:00,0.8,86.79527,-3.3905764,0.1,0.07,0.01,12.991212,3.972429,71.0,100.0,jfk,40.6413,-73.7781
2025-01-19 23:00:00+00:00,0.05,92.640495,-4.2274103,0.3,0.21000001,0.01,13.733186,349.4265,73.0,100.0,jfk,40.6413,-73.7781
2025-01-20 00:00:00+00:00,-0.95,89.8869,-6.0247345,1.7,1.19,0.02,17.873554,341.2,75.0,100.0,jfk,40.6413,-73.7781
2025-01-20 01:00:00+00:00,-1.05,91.21857,-6.279293,2.0,1.4,0.03,19.023878,339.50732,75.0,100.0,jfk,40.6413,-73.7781
2025-01-20 02:00:00+00:00,-1.7,88.82909,-7.3215246,1.4,0.97999996,0.04,20.83184,347.5249,75.0,100.0,jfk,40.6413,-73.7781
2025-01-20 03:00:00+00:00,-2.7,83.23045,-8.673083,0.2,0.14,0.04,21.758419,343.66388,71.0,100.0,jfk,40.6413,-73.7781
2025-01-20 04:00:00+00:00,-3.15,80.98696,-8.892963,0.0,0.0,0.04,19.59356,336.73227,3.0,100.0,jfk,40.6413,-73.7781
2025-01-20 05:00:00+00:00,-3.2,82.22292,-8.453024,0.0,0.0,0.04,16.341383,333.15277,3.0,100.0,jfk,40.6413,-73.7781
2025-01-20 06:00:00+00:00,-3.7,81.529495,-8.749105,0.0,0.0,0.04,14.51876,317.00955,3.0,100.0,jfk,40.6413,-73.7781
2025-01-20 07:00:00+00:00,-4.7,78.911514,-9.956129,0.0,0.0,0.04,15.013554,307.6943,3.0,100.0,jfk,40.6413,-73.7781
2025-01-20 08:00:00+00:00,-5.8,73.37012,-11.579743,0.0,0.0,0.04,17.429354,308.2902,0.0,3.0,jfk,40.6413,-73.7781
2025-01-20 09:00:00+00:00,-7.4,68.24835,-13.4945345,0.0,0.0,0.04,18.35647,311.82007,0.0,0.0,jfk,40.6413,-73.7781
2025-01-20 10:00:00+00:00,-8.2,65.36187,-14.1701,0.0,0.0,0.04,16.932442,313.70792,0.0,0.0,jfk,40.6413,-73.7781
2025-01-20 11:00:00+00:00,-8.85,64.41007,-14.610912,0.0,0.0,0.04,15.172409,311.63345,0.0,0.0,jfk,40.6413,-73.7781
2025-01-20 12:00:00+00:00,-9.3,63.51092,-14.79312,0.0,0.0,0.04,13.104198,307.18478,0.0,0.0,jfk,40.6413,-73.7781
2025-01-20 13:00:00+00:00,-9.0,66.788605,-14.62314,0.0,0.0,0.04,14.347028,293.67053,0.0,0.0,jfk,40.6413,-73.7781
2025-01-20 14:00:00+00:00,-8.6,66.60986,-14.294393,0.0,0.0,0.04,14.978986,290.39496,0.0,0.0,jfk,40.6413,-73.7781
2025-01-20 15:00:00+00:00,-7.95,65.42167,-13.190189,0.0,0.0,0.04,12.033103,291.96063,0.0,0.0,jfk,40.6413,-73.7781
2025-01-20 16:00:00+00:00,-6.85,63.089973,-11.602477,0.0,0.0,0.04,8.951267,285.1541,0.0,0.0,jfk,40.6413,-73.7781
2025-01-20 17:00:00+00:00,-5.75,59.422787,-11.062101,0.0,0.0,0.04,12.9249525,282.875,1.0,40.0,jfk,40.6413,-73.7781
2025-01-20 18:00:00+00:00,-4.95,58.68662,-10.710723,0.0,0.0,0.04,16.280798,275.7105,3.0,84.0,jfk,40.6413,-73.7781
2025-01-20 19:00:00+00:00,-4.65,54.894085,-10.31742,0.0,0.0,0.04,15.385525,276.044,1.0,32.0,jfk,40.6413,-73.7781
2025-01-20 20:00:00+00:00,-5.1,54.546608,-10.709578,0.0,0.0,0.04,14.764389,268.60284,1.0,47.0,jfk,40.6413,-73.7781
2025-01-20 21:00:00+00:00,-5.9,58.43233,-11.610843,0.0,0.0,0.04,15.501959,257.2547,0.0,16.0,jfk,40.6413,-73.7781
2025-01-20 22:00:00+00:00,-6.85,61.578285,-12.679551,0.0,0.0,0.04,16.204998,257.81635,2.0,67.0,jfk,40.6413,-73.7781
2025-01-20 23:00:00+00:00,-7.35,63.99365,-13.077732,0.0,0.0,0.04,15.506141,260.6471,3.0,87.0,jfk,40.6413,-73.7781
2025-01-21 00:00:00+00:00,-7.85,65.44557,-13.326874,0.0,0.0,0.04,13.698934,266.98727,3.0,95.0,jfk,40.6413,-73.7781
2025-01-21 01:00:00+00:00,-7.75,56.98726,-13.462845,0.0,0.0,0.04,14.669724,276.3401,1.0,24.0,jfk,40.6413,-73.7781
2025-01-21 02:00:00+00:00,-8.55,58.916122,-14.094043,0.0,0.0,0.04,13.379461,287.21616,0.0,0.0,jfk,40.6413,-73.7781
2025-01-21 03:00:00+00:00,-9.3,60.692314,-14.643437,0.0,0.0,0.04,11.874544,284.03625,0.0,0.0,jfk,40.6413,-73.7781
2025-01-21 04:00:00+00:00,-9.8,61.319706,-15.104523,0.0,0.0,0.04,11.481968,279.01926,0.0,0.0,jfk,40.6413,-73.7781
2025-01-21 05:00:00+00:00,-10.4,62.450615,-15.741027,0.0,0.0,0.04,11.609651,277.1249,0.0,0.0,jfk,40.6413,-73.7781
2025-01-21 06:00:00+00:00,-11.1,63.85336,-16.646496,0.0,0.0,0.04,12.882267,277.2242,0.0,0.0,jfk,40.6413,-73.7781
2025-01-21 07:00:00+00:00,-11.75,64.497635,-17.250023,0.0,0.0,0.04,12.399112,283.43103,2.0,73.0,jfk,40.6413,-73.7781
2025-01-21 08:00:00+00:00,-12.2,64.38605,-17.539701,0.0,0.0,0.04,11.157097,287.8504,2.0,55.0,jfk,40.6413,-73.7781
2025-01-21 09:00:00+00:00,-12.7,64.80734,-17.863045,0.0,0.0,0.04,9.82279,283.78162,2.0,78.0,jfk,40.6413,-73.7781
2025-01-21 10:00:00+00:00,-13.0,64.45932,-18.033096,0.0,0.0,0.04,8.827344,272.33725,2.0,62.0,jfk,40.6413,-73.7781
2025-01-21 11:00:00+00:00,-13.2,64.683586,-18.425936,0.0,0.0,0.04,10.105681,274.08554,3.0,95.0,jfk,40.6413,-73.7781
2025-01-21 12:00:00+00:00,-13.3,65.766365,-18.678848,0.0,0.0,0.04,11.183201,273.6913,3.0,95.0,jfk,40.6413,-73.7781
2025-01-21 13:00:00+00:00,-12.8,62.092983,-18.347881,0.0,0.0,0.04,12.284916,280.9806,1.0,49.0,jfk,40.6413,-73.7781
2025-01-21 14:00:00+00:00,-12.45,61.39805,-17.831652,0.0,0.0,0.04,11.203464,293.6821,3.0,95.0,jfk,40.6413,-73.7781
2025-01-21 15:00:00+00:00,-11.8,59.522167,-16.923979,0.0,0.0,0.04,9.511088,299.4758,3.0,100.0,jfk,40.6413,-73.7781
2025-01-21 16:00:00+00:00,-10.6,56.42713,-15.263245,0.0,0.0,0.04,6.5049515,284.4208,3.0,95.0,jfk,40.6413,-73.7781
2025-01-21 17:00:00+00:00,-9.55,53.943047,-14.064271,0.0,0.0,0.04,5.6262593,277.3523,3.0,87.0,jfk,40.6413,-73.7781
2025-01-21 18:00:00+00:00,-8.85,52.14646,-13.424764,0.0,0.0,0.04,6.122647,271.68463,3.0,92.0,jfk,40.6413,-73.7781
2025-01-21 19:00:00+00:00,-8.5,49.898613,-13.179749,0.0,0.0,0.04,6.778141,259.28693,3.0,100.0,jfk,40.6413,-73.7781
2025-01-21 20:00:00+00:00,-8.45,48.87684,-13.26488,0.0,0.0,0.04,7.6409945,254.98158,3.0,100.0,jfk,40.6413,-73.7781
2025-01-21 21:00:00+00:00,-8.5,49.898613,-13.50377,0.0,0.0,0.04,9.0,253.73972,3.0,100.0,jfk,40.6413,-73.7781
2025-01-21 22:00:00+00:00,-8.6,55.35645,-13.512364,0.0,0.0,0.04,8.759178,260.53775,3.0,100.0,jfk,40.6413,-73.7781
2025-01-21 23:00:00+00:00,-8.7,60.35066,-13.649723,0.1,0.07,0.04,9.36,270.0,71.0,100.0,jfk,40.6413,-73.7781
2025-01-22 00:00:00+00:00,-8.85,63.103195,-14.04761,0.1,0.07,0.04,11.212135,275.52744,71.0,100.0,jfk,40.6413,-73.7781
2025-01-22 01:00:00+00:00,-8.6,59.881935,-13.815589,0.1,0.07,0.04,11.183201,273.6913,71.0,100.0,jfk,40.6413,-73.7781
2025-01-22 02:00:00+00:00,-9.05,62.79413,-14.404756,0.1,0.07,0.04,12.193588,278.48886,71.0,100.0,jfk,40.6413,-73.7781
2025-01-22 03:00:00+00:00,-9.45,64.527794,-14.84745,0.1,0.07,0.04,12.466867,287.6502,71.0,100.0,jfk,40.6413,-73.7781
2025-01-22 04:00:00+00:00,-9.65,64.21345,-15.286027,0.0,0.0,0.04,14.008811,297.5527,3.0,100.0,jfk,40.6413,-73.7781
2025-01-22 05:00:00+00:00,-10.15,61.739964,-15.473081,0.0,0.0,0.04,11.521406,298.96756,3.0,100.0,jfk,40.6413,-73.7781
2025-01-22 06:00:00+00:00,-10.6,62.399387,-15.898092,0.0,0.0,0.04,11.246759,309.8055,3.0,88.0,jfk,40.6413,-73.7781
2025-01-22 07:00:00+00:00,-11.4,62.19347,-16.434914,0.0,0.0,0.04,9.178235,311.82007,0.0,2.0,jfk,40.6413,-73.7781
2025-01-22 08:00:00+00:00,-12.35,62.209877,-17.347588,0.0,0.0,0.04,8.643749,328.62704,0.0,2.0,jfk,40.6413,-73.7781
2025-01-22 09:00:00+00:00,-13.05,61.76412,-18.00821,0.0,0.0,0.04,8.155807,337.9637,2.0,73.0,jfk,40.6413,-73.7781
2025-01-22 10:00:00+00:00,-13.35,61.949436,-18.233088,0.0,0.0,0.04,7.570707,341.99573,1.0,35.0,jfk,40.6413,-73.7781
2025-01-22 11:00:00+00:00,-13.5,61.910168,-18.78865,0.0,0.0,0.04,10.310403,343.77972,0.0,0.0,jfk,40.6413,-73.7781
2025-01-22 12:00:00+00:00,-13.8,62.09712,-19.097633,0.0,0.0,0.04,10.304115,340.6154,0.0,2.0,jfk,40.6413,-73.7781
2025-01-22 13:00:00+00:00,-12.7,55.829563,-17.855597,0.0,0.0,0.04,9.278297,341.91644,2.0,68.0,jfk,40.6413,-73.7781
2025-01-22 14:00:00+00:00,-12.0,54.84584,-17.21922,0.0,0.0,0.04,9.835975,325.4374,1.0,22.0,jfk,40.6413,-73.7781
2025-01-22 15:00:00+00:00,-10.8,54.035336,-15.866537,0.0,0.0,0.04,9.059205,339.04413,0.0,0.0,jfk,40.6413,-73.7781
2025-01-22 16:00:00+00:00,-9.5,50.229534,-14.344332,0.0,0.0,0.04,7.6409945,344.9816,0.0,0.0,jfk,40.6413,-73.7781
2025-01-22 17:00:00+00:00,-8.85,44.793953,-13.7453,0.0,0.0,0.04,7.771331,346.60748,0.0,0.0,jfk,40.6413,-73.7781
2025-01-22 18:00:00+00:00,-8.3,40.59857,-12.812389,0.0,0.0,0.04,4.965521,316.46872,0.0,0.0,jfk,40.6413,-73.7781
2025-01-22 19:00:00+00:00,-8.1,40.144207,-12.573275,0.0,0.0,0.04,4.7110505,316.5481,0.0,0.0,jfk,40.6413,-73.7781
2025-01-22 20:00:00+00:00,-8.15,39.95678,-12.475601,0.0,0.0,0.04,3.671294,348.6901,0.0,0.0,jfk,40.6413,-73.7781
2025-01-22 21:00:00+00:00,-8.9,47.721046,-12.869829,0.0,0.0,0.04,1.6299692,353.6599,0.0,0.0,jfk,40.6413,-73.7781
2025-01-22 22:00:00+00:00,-10.45,41.143673,-14.530744,0.0,0.0,0.04,1.5484185,324.46225,0.0,19.0,jfk,40.6413,-73.7781
2025-01-22 23:00:00+00:00,-11.05,43.15085,-15.262046,0.0,0.0,0.04,2.4482648,323.97253,3.0,96.0,jfk,40.6413,-73.7781
2025-01-23 00:00:00+00:00,-11.6,45.28295,-15.912544,0.0,0.0,0.04,3.148714,329.03632,3.0,100.0,jfk,40.6413,-73.7781
2025-01-23 01:00:00+00:00,-9.6,47.505188,-13.726763,0.0,0.0,0.04,2.50064,329.74365,3.0,100.0,jfk,40.6413,-73.7781
2025-01-23 02:00:00+00:00,-9.5,47.53608,-13.599153,0.0,0.0,0.04,2.3400002,337.3801,3.0,87.0,jfk,40.6413,-73.7781
2025-01-23 03:00:00+00:00,-10.35,45.48121,-14.394587,0.0,0.0,0.04,1.609969,333.43503,0.0,16.0,jfk,40.6413,-73.7781
2025-01-23 04:00:00+00:00,-11.25,46.78985,-15.561093,0.0,0.0,0.04,3.3092594,315.0001,2.0,77.0,jfk,40.6413,-73.7781
2025-01-23 05:00:00+00:00,-11.35,45.955906,-15.488605,0.0,0.0,0.04,2.0523157,344.7448,3.0,96.0,jfk,40.6413,-73.7781
2025-01-23 06:00:00+00:00,-11.85,48.038334,-16.029852,0.0,0.0,0.04,2.3469126,355.60138,0.0,19.0,jfk,40.6413,-73.7781
2025-01-23 07:00:00+00:00,-12.2,48.76884,-16.46705,0.0,0.0,0.04,2.907989,338.19852,2.0,77.0,jfk,40.6413,-73.7781
2025-01-23 08:00:00+00:00,-11.8,51.046314,-16.161877,0.0,0.0,0.04,3.7842832,334.65387,3.0,99.0,jfk,40.6413,-73.7781
2025-01-23 09:00:00+00:00,-10.3,50.200684,-14.771424,0.0,0.0,0.04,4.863332,321.009,3.0,100.0,jfk,40.6413,-73.7781
2025-01-23 10:00:00+00:00,-9.85,51.631557,-14.319746,0.0,0.0,0.04,5.072041,332.52567,3.0,100.0,jfk,40.6413,-73.7781
2025-01-23 11:00:00+00:00,-9.85,53.404327,-14.160813,0.0,0.0,0.04,4.1046314,344.7448,3.0,100.0,jfk,40.6413,-73.7781
2025-01-23 12:00:00+00:00,-11.3,54.582012,-15.481082,0.0,0.0,0.04,2.8856194,3.5762644,3.0,96.0,jfk,40.6413,-73.7781
2025-01-23 13:00:00+00:00,-10.45,52.77946,-14.324454,0.0,0.0,0.04,0.9,360.0,3.0,98.0,jfk,40.6413,-73.7781
2025-01-23 14:00:00+00:00,-8.1,47.765476,-12.191954,0.0,0.0,0.04,2.6999998,323.13004,3.0,92.0,jfk,40.6413,-73.7781
2025-01-23 15:00:00+00:00,-6.8,48.765682,-11.104422,0.0,0.0,0.04,4.6452556,305.53775,3.0,100.0,jfk,40.6413,-73.7781
2025-01-23 16:00:00+00:00,-5.8,55.014977,-10.042831,0.0,0.0,0.04,5.154415,294.77512,3.0,100.0,jfk,40.6413,-73.7781
2025-01-23 17:00:00+00:00,-4.9,57.30485,-9.06663,0.0,0.0,0.04,5.232399,273.9451,3.0,94.0,jfk,40.6413,-73.7781
2025-01-23 18:00:00+00:00,-3.95,60.133068,-7.9098864,0.0,0.0,0.04,4.5536795,251.56496,1.0,26.0,jfk,40.6413,-73.7781
2025-01-23 19:00:00+00:00,-3.35,59.814693,-7.400811,0.0,0.0,0.04,5.441838,235.78424,0.0,0.0,jfk,40.6413,-73.7781
2025-01-23 20:00:00+00:00,-3.3,57.055294,-7.46889,0.0,0.0,0.04,5.9617786,241.11351,0.0,0.0,jfk,40.6413,-73.7781
2025-01-23 21:00:00+00:00,-3.55,54.763126,-7.841498,0.0,0.0,0.04,6.424764,258.6901,0.0,0.0,jfk,40.6413,-73.7781
2025-01-23 22:00:00+00:00,-4.6,52.95196,-9.102863,0.0,0.0,0.04,7.2202215,274.28906,0.0,0.0,jfk,40.6413,-73.7781
2025-01-23 23:00:00+00:00,-5.45,47.58302,-10.143621,0.0,0.0,0.04,7.6642804,260.53775,0.0,0.0,jfk,40.6413,-73.7781
2025-01-24 00:00:00+00:00,-5.85,49.05199,-10.609847,0.0,0.0,0.04,8.11798,266.186,0.0,0.0,jfk,40.6413,-73.7781
2025-01-24 01:00:00+00:00,-5.05,53.036983,-10.170025,0.0,0.0,0.04,11.276968,261.74066,0.0,0.0,jfk,40.6413,-73.7781
2025-01-24 02:00:00+00:00,-5.4,55.57535,-10.547057,0.0,0.0,0.04,11.570515,264.64426,0.0,1.0,jfk,40.6413,-73.7781
2025-01-24 03:00:00+00:00,-5.9,59.622932,-11.013843,0.0,0.0,0.04,11.5199995,270.0,0.0,2.0,jfk,40.6413,-73.7781
2025-01-24 04:00:00+00:00,-6.3,62.72047,-11.376276,0.0,0.0,0.04,11.375658,274.5377,0.0,2.0,jfk,40.6413,-73.7781
2025-01-24 05:00:00+00:00,-6.65,64.16487,-11.705841,0.0,0.0,0.04,11.212135,275.52744,0.0,0.0,jfk,40.6413,-73.7781
2025-01-24 06:00:00+00:00,-6.9,65.14507,-12.058406,0.0,0.0,0.04,11.892265,272.6025,0.0,0.0,jfk,40.6413,-73.7781
2025-01-24 07:00:00+00:00,-7.1,65.88878,-12.238766,0.0,0.0,0.04,11.734564,274.39862,0.0,0.0,jfk,40.6413,-73.7781
2025-01-24 08:00:00+00:00,-7.4,67.15847,-12.385144,0.0,0.0,0.04,10.658068,274.8439,0.0,0.0,jfk,40.6413,-73.7781
2025-01-24 09:00:00+00:00,-7.65,69.29952,-12.541178,0.0,0.0,0.04,10.081606,271.023,0.0,0.0,jfk,40.6413,-73.7781
2025-01-24 10:00:00+00:00,-7.9,72.08732,-12.751736,0.0,0.0,0.04,9.926147,274.15958,0.0,0.0,jfk,40.6413,-73.7781
2025-01-24 11:00:00+00:00,-8.05,74.40742,-12.782246,0.0,0.0,0.04,9.224011,275.59924,0.0,0.0,jfk,40.6413,-73.7781
2025-01-24 12:00:00+00:00,-8.15,75.89302,-12.722132,0.0,0.0,0.04,8.197414,278.84174,0.0,0.0,jfk,40.6413,-73.7781
2025-01-24 13:00:00+00:00,-7.65,67.91807,-12.632434,0.0,0.0,0.04,10.594036,279.78235,0.0,0.0,jfk,40.6413,-73.7781
2025-01-24 14:00:00+00:00,-6.25,67.42086,-10.972782,0.0,0.0,0.04,9.403169,275.49222,0.0,0.0,jfk,40.6413,-73.7781
2025-01-24 15:00:00+00:00,-4.55,62.905525,-9.18981,0.0,0.0,0.04,9.215226,282.4074,0.0,0.0,jfk,40.6413,-73.7781
2025-01-24 16:00:00+00:00,-3.0,59.67039,-7.683096,0.0,0.0,0.04,9.9408245,275.19434,0.0,0.0,jfk,40.6413,-73.7781
2025-01-24 17:00:00+00:00,-2.05,55.61698,-7.0515475,0.0,0.0,0.04,12.125642,275.9644,0.0,0.0,jfk,40.6413,-73.7781
2025-01-24 18:00:00+00:00,-1.5,51.142857,-6.388072,0.0,0.0,0.04,11.052058,276.5462,0.0,0.0,jfk,40.6413,-73.7781
2025-01-24 19:00:00+00:00,-1.2,47.89574,-6.052479,0.0,0.0,0.04,10.5234585,282.8477,0.0,0.0,jfk,40.6413,-73.7781
2025-01-24 20:00:00+00:00,-1.15,47.7207,-5.964281,0.0,0.0,0.04,10.261579,285.25516,0.0,0.0,jfk,40.6413,-73.7781
2025-01-24 21:00:00+00:00,-1.55,50.926495,-5.9368067,0.0,0.0,0.04,7.562142,271.3639,0.0,0.0,jfk,40.6413,-73.7781
2025-01-24 22:00:00+00:00,-2.85,54.741047,-7.186352,0.0,0.0,0.04,7.0591216,250.64091,0.0,0.0,jfk,40.6413,-73.7781
2025-01-24 23:00:00+00:00,-3.15,57.54966,-7.8415966,0.0,0.0,0.04,9.67657,260.36252,0.0,0.0,jfk,40.6413,-73.7781
2025-01-25 00:00:00+00:00,-3.8,59.46136,-8.517163,0.0,0.0,0.04,9.746631,274.23633,0.0,10.0,jfk,40.6413,-73.7781
2025-01-25 01:00:00+00:00,-3.85,56.90577,-8.411331,0.0,0.0,0.04,8.373386,295.46332,2.0,73.0,jfk,40.6413,-73.7781
2025-01-25 02:00:00+00:00,-5.4,60.235775,-9.603772,0.0,0.0,0.04,5.5567255,294.90472,1.0,38.0,jfk,40.6413,-73.7781
2025-01-25 03:00:00+00:00,-7.05,62.27944,-11.271213,0.0,0.0,0.04,5.154415,294.77512,0.0,3.0,jfk,40.6413,-73.7781
2025-01-25 04:00:00+00:00,-7.85,64.1308,-12.051403,0.0,0.0,0.04,4.8466477,285.06854,0.0,8.0,jfk,40.6413,-73.7781
2025-01-25 05:00:00+00:00,-8.2,64.832184,-12.097092,0.0,0.0,0.04,2.6758924,317.72638,0.0,2.0,jfk,40.6413,-73.7781
2025-01-25 06:00:00+00:00,-8.75,66.84678,-12.585338,0.0,0.0,0.04,2.1897945,350.53775,0.0,0.0,jfk,40.6413,-73.7781
2025-01-25 07:00:00+00:00,-9.1,67.8651,-12.810605,0.0,0.0,0.04,1.2727921,8.130019,0.0,0.0,jfk,40.6413,-73.7781
2025-01-25 08:00:00+00:00,-9.85,70.23843,-13.656513,0.0,0.0,0.04,1.8089776,275.7105,0.0,0.0,jfk,40.6413,-73.7781
2025-01-25 09:00:00+00:00,-10.6,75.13955,-14.780584,0.0,0.0,0.04,4.412754,281.76825,0.0,0.0,jfk,40.6413,-73.7781
2025-01-25 10:00:00+00:00,-10.9,78.53789,-15.061109,0.0,0.0,0.04,4.379589,279.46225,0.0,0.0,jfk,40.6413,-73.7781
2025-01-25 11:00:00+00:00,-10.6,79.87545,-14.843807,0.0,0.0,0.04,5.1544156,282.09473,0.0,0.0,jfk,40.6413,-73.7781
2025-01-25 12:00:00+00:00,-10.75,80.50397,-14.959306,0.0,0.0,0.04,4.896529,287.1028,0.0,0.0,jfk,40.6413,-73.7781
2025-01-25 13:00:00+00:00,-9.65,70.85758,-13.964788,0.0,0.0,0.04,5.4149795,285.4222,0.0,0.0,jfk,40.6413,-73.7781
2025-01-25 14:00:00+00:00,-8.05,67.00888,-12.471156,0.0,0.0,0.04,6.5024605,274.76355,0.0,0.0,jfk,40.6413,-73.7781
2025-01-25 15:00:00+00:00,-6.15,63.518158,-10.553087,0.0,0.0,0.04,6.898956,262.50424,0.0,3.0,jfk,40.6413,-73.7781
2025-01-25 16:00:00+00:00,-4.55,59.26413,-8.997383,0.0,0.0,0.04,7.5170207,253.30067,0.0,4.0,jfk,40.6413,-73.7781
2025-01-25 17:00:00+00:00,-3.55,53.039814,-8.327691,0.0,0.0,0.04,9.565437,250.20103,2.0,53.0,jfk,40.6413,-73.7781
2025-01-25 18:00:00+00:00,-3.0,51.114243,-8.156815,0.0,0.0,0.04,12.189602,253.70587,1.0,40.0,jfk,40.6413,-73.7781
2025-01-25 19:00:00+00:00,-2.4,51.69843,-7.489942,0.0,0.0,0.03,12.074766,243.43501,3.0,86.0,jfk,40.6413,-73.7781
2025-01-25 20:00:00+00:00,-1.95,50.208225,-7.148085,0.0,0.0,0.03,12.841963,238.76085,2.0,52.0,jfk,40.6413,-73.7781
2025-01-25 21:00:00+00:00,-1.9,52.048237,-6.858198,0.0,0.0,0.03,11.453715,239.80847,2.0,68.0,jfk,40.6413,-73.7781
2025-01-25 22:00:00+00:00,-2.1,54.949924,-6.956176,0.0,0.0,0.03,11.019764,231.63248,3.0,84.0,jfk,40.6413,-73.7781
2025-01-25 23:00:00+00:00,-1.95,56.971134,-6.930525,0.0,0.0,0.03,12.204212,232.79199,2.0,61.0,jfk,40.6413,-73.7781
2025-01-26 00:00:00+00:00,-1.95,59.476685,-6.886894,0.0,0.0,0.03,12.221457,226.1934,2.0,62.0,jfk,40.6413,-73.7781
2025-01-26 01:00:00+00:00,-1.35,54.941936,-6.6438594,0.0,0.0,0.03,14.410121,228.54486,1.0,44.0,jfk,40.6413,-73.7781
2025-01-26 02:00:00+00:00,-1.6,58.418446,-6.714879,0.0,0.0,0.03,13.5012,227.16109,3.0,90.0,jfk,40.6413,-73.7781
2025-01-26 03:00:00+00:00,-1.75,62.12963,-6.641585,0.0,0.0,0.03,12.362475,222.04915,3.0,86.0,jfk,40.6413,-73.7781
2025-01-26 04:00:00+00:00,-1.8,64.56958,-6.3602986,0.0,0.0,0.03,10.373061,218.65982,3.0,86.0,jfk,40.6413,-73.7781
2025-01-26 05:00:00+00:00,-1.9,66.82742,-6.174938,0.0,0.0,0.03,8.641874,215.6765,3.0,99.0,jfk,40.6413,-73.7781
2025-01-26 06:00:00+00:00,-2.05,68.61881,-6.0665827,0.0,0.0,0.03,7.001514,223.95847,3.0,100.0,jfk,40.6413,-73.7781
2025-01-26 07:00:00+00:00,-1.7,67.908356,-6.0026245,0.0,0.0,0.03,9.096681,242.928,3.0,99.0,jfk,40.6413,-73.7781
2025-01-26 08:00:00+00:00,-1.6,68.19141,-6.3012958,0.0,0.0,0.03,11.931705,236.07016,3.0,100.0,jfk,40.6413,-73.7781
2025-01-26 09:00:00+00:00,-1.15,68.81305,-6.213548,0.0,0.0,0.03,14.796175,233.40881,3.0,100.0,jfk,40.6413,-73.7781
2025-01-26 10:00:00+00:00,-0.8,68.36562,-6.0823855,0.0,0.0,0.03,16.474672,236.13628,3.0,100.0,jfk,40.6413,-73.7781
2025-01-26 11:00:00+00:00,-0.65,68.13841,-5.8941903,0.0,0.0,0.03,16.284779,246.55193,3.0,100.0,jfk,40.6413,-73.7781
2025-01-26 12:00:00+00:00,-0.6,68.40898,-5.6620536,0.0,0.0,0.03,15.108211,254.80469,3.0,100.0,jfk,40.6413,-73.7781
2025-01-26 13:00:00+00:00,-0.55,63.148884,-5.4191923,0.0,0.0,0.03,13.084402,262.09293,3.0,91.0,jfk,40.6413,-73.7781
2025-01-26 14:00:00+00:00,0.2,61.660965,-4.576985,0.0,0.0,0.03,12.7279215,261.87,3.0,100.0,jfk,40.6413,-73.7781
2025-01-26 15:00:00+00:00,1.15,61.661846,-3.1613069,0.0,0.0,0.03,10.182337,261.87,3.0,100.0,jfk,40.6413,-73.7781
2025-01-26 16:00:00+00:00,2.15,61.213356,-1.7031512,0.0,0.0,0.03,7.689603,249.44386,3.0,100.0,jfk,40.6413,-73.7781
2025-01-26 17:00:00+00:00,3.6,55.238293,-0.7615795,0.0,0.0,0.03,11.177405,255.06853,3.0,100.0,jfk,40.6413,-73.7781
2025-01-26 18:00:00+00:00,3.85,52.662003,-1.2748113,0.0,0.0,0.03,16.1017,275.77423,3.0,99.0,jfk,40.6413,-73.7781
2025-01-26 19:00:00+00:00,4.55,49.95197,-0.30604005,0.0,0.0,0.03,14.221139,270.72522,3.0,98.0,jfk,40.6413,-73.7781
2025-01-26 20:00:00+00:00,4.4,50.098297,-0.40093827,0.0,0.0,0.03,13.767352,281.3099,3.0,100.0,jfk,40.6413,-73.7781
2025-01-26 21:00:00+00:00,3.6,53.1927,-0.9582381,0.0,0.0,0.03,12.140329,285.4787,2.0,79.0,jfk,40.6413,-73.7781
2025-01-26 22:00:00+00:00,2.15,57.62247,-2.1751018,0.0,0.0,0.03,10.315115,299.24872,3.0,92.0,jfk,40.6413,-73.7781
2025-01-26 23:00:00+00:00,1.05,59.79045,-3.0508912,0.0,0.0,0.03,8.37532,298.21725,2.0,62.0,jfk,40.6413,-73.7781
2025-01-27 00:00:00+00:00,0.2,61.897,-3.8545198,0.0,0.0,0.03,7.8087645,295.97433,2.0,53.0,jfk,40.6413,-73.7781
2025-01-27 01:00:00+00:00,-0.45,61.973232,-4.459914,0.0,0.0,0.03,7.0911775,293.9625,0.0,14.0,jfk,40.6413,-73.7781
2025-01-27 02:00:00+00:00,-1.95,66.04757,-5.8288956,0.0,0.0,0.03,5.796447,306.15826,1.0,40.0,jfk,40.6413,-73.7781
2025-01-27 03:00:00+00:00,-3.2,65.24735,-7.1952467,0.0,0.0,0.03,5.7628117,255.52966,0.0,8.0,jfk,40.6413,-73.7781
2025-01-27 04:00:00+00:00,-2.45,64.16522,-6.482929,0.0,0.0,0.03,6.320538,250.0168,1.0,49.0,jfk,40.6413,-73.7781
2025-01-27 05:00:00+00:00,-1.25,58.057266,-5.692437,0.0,0.0,0.03,9.039514,257.34744,3.0,99.0,jfk,40.6413,-73.7781
2025-01-27 06:00:00+00:00,-1.5,62.674744,-5.953944,0.0,0.0,0.03,9.580668,244.39786,3.0,95.0,jfk,40.6413,-73.7781
2025-01-27 07:00:00+00:00,-1.7,66.35997,-6.4191804,0.0,0.0,0.03,11.753877,242.6502,3.0,87.0,jfk,40.6413,-73.7781
2025-01-27 08:00:00+00:00,-1.9,67.344086,-6.742801,0.0,0.0,0.03,12.601285,248.19853,3.0,100.0,jfk,40.6413,-73.7781
2025-01-27 09:00:00+00:00,-1.95,64.7841,-6.7749777,0.0,0.0,0.03,12.124307,251.83395,3.0,98.0,jfk,40.6413,-73.7781
2025-01-27 10:00:00+00:00,-2.0,63.03917,-7.0051975,0.0,0.0,0.03,13.110376,261.31372,3.0,85.0,jfk,40.6413,-73.7781
2025-01-27 11:00:00+00:00,-2.45,63.174488,-7.626436,0.0,0.0,0.03,14.041154,269.2655,1.0,20.0,jfk,40.6413,-73.7781
2025-01-27 12:00:00+00:00,-3.15,65.00492,-8.273752,0.0,0.0,0.03,13.5012,270.7639,0.0,0.0,jfk,40.6413,-73.7781
2025-01-27 13:00:00+00:00,-1.85,53.734287,-7.0190945,0.0,0.0,0.03,13.138765,279.46225,0.0,0.0,jfk,40.6413,-73.7781
2025-01-27 14:00:00+00:00,-1.1,50.45615,-5.807355,0.0,0.0,0.03,9.919618,281.5138,0.0,0.0,jfk,40.6413,-73.7781
2025-01-27 15:00:00+00:00,0.1,45.32982,-4.7889075,0.0,0.0,0.03,11.032987,264.3825,0.0,0.0,jfk,40.6413,-73.7781
2025-01-27 16:00:00+00:00,1.15,42.189224,-4.102217,0.0,0.0,0.03,13.5515,253.0091,0.0,0.0,jfk,40.6413,-73.7781
2025-01-27 17:00:00+00:00,1.65,43.866005,-3.878199,0.0,0.0,0.03,15.96327,240.2552,0.0,0.0,jfk,40.6413,-73.7781
2025-01-27 18:00:00+00:00,2.35,43.05694,-3.4166825,0.0,0.0,0.03,17.82818,234.86572,0.0,0.0,jfk,40.6413,-73.7781
2025-01-27 19:00:00+00:00,2.55,42.78216,-3.1430788,0.0,0.0,0.03,17.381886,238.12044,0.0,0.0,jfk,40.6413,-73.7781
2025-01-27 20:00:00+00:00,2.7,45.048725,-2.7785366,0.0,0.0,0.03,16.391863,238.9284,0.0,0.0,jfk,40.6413,-73.7781
2025-01-27 21:00:00+00:00,2.35,46.54228,-2.9578307,0.0,0.0,0.03,15.283048,237.99466,0.0,0.0,jfk,40.6413,-73.7781
2025-01-27 22:00:00+00:00,1.65,47.42946,-3.8023732,0.0,0.0,0.03,16.028088,237.38077,0.0,0.0,jfk,40.6413,-73.7781
2025-01-27 23:00:00+00:00,1.3,48.633858,-4.329788,0.0,0.0,0.03,17.244337,233.48885,0.0,0.0,jfk,40.6413,-73.7781
2025-01-28 00:00:00+00:00,1.05,50.09564,-4.7575016,0.0,0.0,0.03,18.553974,230.90614,0.0,0.0,jfk,40.6413,-73.7781
2025-01-28 01:00:00+00:00,2.2,42.84346,-3.972157,0.0,0.0,0.03,20.49314,218.58124,0.0,0.0,jfk,40.6413,-73.7781
2025-01-28 02:00:00+00:00,2.2,49.08567,-3.9774325,0.0,0.0,0.03,21.594748,219.92781,1.0,31.0,jfk,40.6413,-73.7781
2025-01-28 03:00:00+00:00,2.25,52.614952,-3.6668677,0.0,0.0,0.03,20.442486,230.0007,0.0,0.0,jfk,40.6413,-73.7781
2025-01-28 04:00:00+00:00,2.05,55.44733,-3.7339532,0.0,0.0,0.03,19.881649,238.32457,3.0,85.0,jfk,40.6413,-73.7781
2025-01-28 05:00:00+00:00,1.75,56.43232,-3.9933174,0.0,0.0,0.03,19.567083,242.02061,3.0,96.0,jfk,40.6413,-73.7781
2025-01-28 06:00:00+00:00,1.75,50.10383,-4.0708575,0.0,0.0,0.03,19.05281,247.79646,3.0,96.0,jfk,40.6413,-73.7781
2025-01-28 07:00:00+00:00,2.05,41.637753,-4.059377,0.0,0.0,0.03,19.781174,254.6991,3.0,100.0,jfk,40.6413,-73.7781
2025-01-28 08:00:00+00:00,1.65,42.175377,-4.533025,0.0,0.0,0.03,20.176065,254.47583,3.0,100.0,jfk,40.6413,-73.7781
2025-01-28 09:00:00+00:00,1.3,43.932507,-4.8968763,0.0,0.0,0.03,20.380579,252.52513,3.0,100.0,jfk,40.6413,-73.7781
2025-01-28 10:00:00+00:00,1.1,46.17027,-5.1134634,0.0,0.0,0.03,20.746902,261.51846,0.0,15.0,jfk,40.6413,-73.7781
2025-01-28 11:00:00+00:00,0.45,49.533302,-5.679104,0.0,0.0,0.03,20.340796,269.49298,2.0,59.0,jfk,40.6413,-73.7781
2025-01-28 12:00:00+00:00,0.35,53.306023,-5.927716,0.0,0.0,0.03,21.869816,264.80566,3.0,100.0,jfk,40.6413,-73.7781
2025-01-28 13:00:00+00:00,2.55,43.795113,-3.6378748,0.0,0.0,0.03,20.95203,261.10422,1.0,24.0,jfk,40.6413,-73.7781
2025-01-28 14:00:00+00:00,3.15,46.59912,-2.8627486,0.0,0.0,0.03,20.596436,260.94934,3.0,100.0,jfk,40.6413,-73.7781
2025-01-28 15:00:00+00:00,3.7,50.855484,-1.58691,0.0,0.0,0.02,16.764177,266.9226,1.0,31.0,jfk,40.6413,-73.7781
2025-01-28 16:00:00+00:00,4.4,48.051678,-1.8017232,0.0,0.0,0.02,22.96464,291.1343,0.0,10.0,jfk,40.6413,-73.7781
2025-01-28 17:00:00+00:00,3.8,47.15036,-2.5580633,0.0,0.0,0.02,23.469128,302.47116,3.0,81.0,jfk,40.6413,-73.7781
2025-01-28 18:00:00+00:00,2.5,48.42118,-3.6189816,0.0,0.0,0.02,21.259058,313.97092,1.0,41.0,jfk,40.6413,-73.7781
2025-01-28 19:00:00+00:00,1.25,46.034576,-4.5703382,0.0,0.0,0.02,18.108572,307.3256,1.0,35.0,jfk,40.6413,-73.7781
2025-01-28 20:00:00+00:00,0.85,44.84435,-4.586945,0.0,0.0,0.02,15.086748,305.77615,1.0,32.0,jfk,40.6413,-73.7781
2025-01-28 21:00:00+00:00,0.25,47.199516,-4.493198,0.0,0.0,0.02,10.383987,303.6901,1.0,34.0,jfk,40.6413,-73.7781
2025-01-28 22:00:00+00:00,-0.55,54.098602,-4.7876015,0.0,0.0,0.02,7.4867883,332.81897,3.0,88.0,jfk,40.6413,-73.7781
2025-01-28 23:00:00+00:00,-1.2,57.845005,-5.1417174,0.0,0.0,0.02,5.6060677,5.527458,3.0,87.0,jfk,40.6413,-73.7781
2025-01-29 00:00:00+00:00,-1.7,59.541645,-5.6121297,0.0,0.0,0.02,5.3426957,57.380775,2.0,53.0,jfk,40.6413,-73.7781
2025-01-29 01:00:00+00:00,-0.15,55.272694,-4.1344132,0.0,0.0,0.02,6.1437774,95.04236,3.0,85.0,jfk,40.6413,-73.7781
2025-01-29 02:00:00+00:00,-0.05,60.19777,-4.333479,0.0,0.0,0.02,8.967541,128.48022,2.0,52.0,jfk,40.6413,-73.7781
2025-01-29 03:00:00+00:00,0.95,67.972115,-3.0742698,0.0,0.0,0.02,9.059205,159.04414,3.0,93.0,jfk,40.6413,-73.7781
2025-01-29 04:00:00+00:00,2.05,66.95072,-2.362702,0.0,0.0,0.02,12.421304,179.16971,2.0,62.0,jfk,40.6413,-73.7781
2025-01-29 05:00:00+00:00,3.25,65.98399,-2.0278668,0.0,0.0,0.02,19.18246,185.92448,3.0,83.0,jfk,40.6413,-73.7781
2025-01-29 06:00:00+00:00,3.1,64.02023,-2.191417,0.0,0.0,0.02,18.789965,203.12654,3.0,100.0,jfk,40.6413,-73.7781
2025-01-29 07:00:00+00:00,2.95,59.822113,-2.4032848,0.0,0.0,0.02,18.335276,226.5911,3.0,100.0,jfk,40.6413,-73.7781
2025-01-29 08:00:00+00:00,3.25,57.693577,-2.059319,0.0,0.0,0.02,17.873556,242.40279,3.0,100.0,jfk,40.6413,-73.7781
2025-01-29 09:00:00+00:00,3.0,57.628075,-2.4297597,0.0,0.0,0.02,18.501513,250.68355,2.0,62.0,jfk,40.6413,-73.7781
2025-01-29 10:00:00+00:00,3.4,56.445717,-2.132888,0.0,0.0,0.02,19.287737,247.50348,1.0,38.0,jfk,40.6413,-73.7781
2025-01-29 11:00:00+00:00,3.65,56.724754,-2.017063,0.0,0.0,0.02,20.447239,243.88614,1.0,33.0,jfk,40.6413,-73.7781
2025-01-29 12:00:00+00:00,3.65,58.014946,-2.0870554,0.0,0.0,0.02,21.171244,243.21716,0.0,8.0,jfk,40.6413,-73.7781
2025-01-29 13:00:00+00:00,3.85,50.898087,-1.5716953,0.0,0.0,0.02,17.799076,241.62085,3.0,91.0,jfk,40.6413,-73.7781
2025-01-29 14:00:00+00:00,5.2,47.20092,-0.20689821,0.0,0.0,0.02,17.885334,241.11351,1.0,49.0,jfk,40.6413,-73.7781
2025-01-29 15:00:00+00:00,6.55,44.3142,1.5134888,0.0,0.0,0.02,15.651722,239.60135,0.0,17.0,jfk,40.6413,-73.7781
2025-01-29 16:00:00+00:00,7.8,47.599297,2.5850568,0.0,0.0,0.02,18.620214,240.4613,1.0,47.0,jfk,40.6413,-73.7781
2025-01-29 17:00:00+00:00,8.5,47.27454,2.2924833,0.0,0.0,0.02,25.925,244.50249,1.0,24.0,jfk,40.6413,-73.7781
2025-01-29 18:00:00+00:00,8.95,43.70527,2.092949,0.0,0.0,0.02,29.792038,265.49518,3.0,90.0,jfk,40.6413,-73.7781
2025-01-29 19:00:00+00:00,8.7,48.74515,2.998622,0.0,0.0,0.01,23.018896,263.26407,2.0,73.0,jfk,40.6413,-73.7781
2025-01-29 20:00:00+00:00,8.75,47.696213,3.0367923,0.1,0.0,0.01,22.862125,277.23682,51.0,39.0,jfk,40.6413,-73.7781
2025-01-29 21:00:00+00:00,7.8,48.30963,2.0522099,0.0,0.0,0.01,22.45315,282.03058,0.0,10.0,jfk,40.6413,-73.7781
2025-01-29 22:00:00+00:00,6.55,42.99479,0.14108849,0.0,0.0,0.01,24.757034,283.02585,0.0,0.0,jfk,40.6413,-73.7781
2025-01-29 23:00:00+00:00,4.8,41.50211,-1.473238,0.0,0.0,0.01,22.38378,297.80136,0.0,0.0,jfk,40.6413,-73.7781
2025-01-30 00:00:00+00:00,3.45,44.407566,-2.5144882,0.0,0.0,0.01,20.0391,289.4116,0.0,0.0,jfk,40.6413,-73.7781
2025-01-30 01:00:00+00:00,4.5,44.20996,-1.4275615,0.0,0.0,0.01,20.380579,287.47485,2.0,65.0,jfk,40.6413,-73.7781
2025-01-30 02:00:00+00:00,3.3,48.098274,-2.2281544,0.0,0.0,0.01,17.640919,306.28537,1.0,35.0,jfk,40.6413,-73.7781
2025-01-30 03:00:00+00:00,1.4,59.426567,-4.3032618,0.0,0.0,0.01,19.54389,319.85666,3.0,97.0,jfk,40.6413,-73.7781
2025-01-30 04:00:00+00:00,0.55,60.58137,-5.0536,0.0,0.0,0.01,18.466455,316.9749,0.0,15.0,jfk,40.6413,-73.7781
2025-01-30 05:00:00+00:00,-1.15,59.68409,-7.0185823,0.0,0.0,0.01,19.09358,314.23618,0.0,14.0,jfk,40.6413,-73.7781
2025-01-30 06:00:00+00:00,-2.15,61.309616,-7.8755345,0.0,0.0,0.01,17.747124,310.47513,0.0,3.0,jfk,40.6413,-73.7781
2025-01-30 07:00:00+00:00,-3.2,57.993195,-9.149717,0.0,0.0,0.01,18.329973,314.20435,0.0,14.0,jfk,40.6413,-73.7781
2025-01-30 08:00:00+00:00,-4.0,54.418453,-10.103778,0.0,0.0,0.01,18.610641,318.13644,0.0,2.0,jfk,40.6413,-73.7781
2025-01-30 09:00:00+00:00,-4.35,50.925003,-10.353597,0.0,0.0,0.01,17.401447,320.8774,0.0,2.0,jfk,40.6413,-73.7781
2025-01-30 10:00:00+00:00,-4.85,46.41413,-10.921422,0.0,0.0,0.01,17.208603,322.65057,0.0,10.0,jfk,40.6413,-73.7781
2025-01-30 11:00:00+00:00,-5.1,45.957897,-10.74381,0.0,0.0,0.01,14.14232,312.4208,0.0,2.0,jfk,40.6413,-73.7781
2025-01-30 12:00:00+00:00,-5.3,46.467487,-10.696176,0.0,0.0,0.01,12.425216,308.5302,0.0,1.0,jfk,40.6413,-73.7781
2025-01-30 13:00:00+00:00,-3.4,47.62019,-8.626592,0.0,0.0,0.01,12.096214,306.52896,0.0,0.0,jfk,40.6413,-73.7781
2025-01-30 14:00:00+00:00,-2.95,45.495293,-8.323089,0.0,0.0,0.01,13.036026,305.4458,0.0,0.0,jfk,40.6413,-73.7781
2025-01-30 15:00:00+00:00,-2.4,45.847225,-7.3946514,0.0,0.0,0.01,10.706596,296.99576,0.0,0.0,jfk,40.6413,-73.7781
2025-01-30 16:00:00+00:00,-1.65,44.979424,-6.5428505,0.0,0.0,0.01,10.215693,284.28113,0.0,0.0,jfk,40.6413,-73.7781
2025-01-30 17:00:00+00:00,-0.85,43.62563,-6.042197,0.0,0.0,0.01,12.43434,292.1095,0.0,2.0,jfk,40.6413,-73.7781
2025-01-30 18:00:00+00:00,-0.1,43.16197,-5.087345,0.0,0.0,0.01,11.298495,292.47946,0.0,19.0,jfk,40.6413,-73.7781
2025-01-30 19:00:00+00:00,0.5,42.83251,-4.0886383,0.0,0.0,0.01,8.792405,292.8906,0.0,10.0,jfk,40.6413,-73.7781
2025-01-30 20:00:00+00:00,0.8,43.094234,-3.7671635,0.0,0.0,0.01,8.827343,253.41258,3.0,98.0,jfk,40.6413,-73.7781
2025-01-30 21:00:00+00:00,0.95,43.48197,-3.9194436,0.0,0.0,0.01,11.032987,236.3099,3.0,97.0,jfk,40.6413,-73.7781
2025-01-30 22:00:00+00:00,0.75,50.2038,-3.4304028,0.0,0.0,0.01,7.24486,243.43501,3.0,100.0,jfk,40.6413,-73.7781
2025-01-30 23:00:00+00:00,0.45,61.02048,-2.868102,0.0,0.0,0.01,2.7943513,194.93147,3.0,100.0,jfk,40.6413,-73.7781
2025-01-31 00:00:00+00:00,0.8,57.26528,-3.2370672,0.0,0.0,0.01,7.3799996,180.0,3.0,100.0,jfk,40.6413,-73.7781
2025-01-31 01:00:00+00:00,1.05,55.81428,-3.092511,0.0,0.0,0.01,8.035746,164.40714,3.0,100.0,jfk,40.6413,-73.7781
2025-01-31 02:00:00+00:00,1.8,61.58951,-2.9054909,0.0,0.0,0.01,13.339445,183.094,3.0,100.0,jfk,40.6413,-73.7781
2025-01-31 03:00:00+00:00,2.4,61.737476,-2.6107445,0.0,0.0,0.01,15.905319,185.19434,3.0,100.0,jfk,40.6413,-73.7781
2025-01-31 04:00:00+00:00,2.75,68.8681,-2.2932098,0.0,0.0,0.01,17.662945,182.92065,3.0,100.0,jfk,40.6413,-73.7781
2025-01-31 05:00:00+00:00,3.35,75.33281,-1.418247,0.0,0.0,0.01,17.505404,184.12752,3.0,100.0,jfk,40.6413,-73.7781
2025-01-31 06:00:00+00:00,3.75,79.61096,-0.7340653,0.0,0.0,0.01,16.770939,192.3954,3.0,100.0,jfk,40.6413,-73.7781
2025-01-31 07:00:00+00:00,4.05,81.39278,-0.38088036,0.0,0.0,0.01,17.076298,198.43504,3.0,100.0,jfk,40.6413,-73.7781
2025-01-31 08:00:00+00:00,4.45,82.62104,0.13453007,0.0,0.0,0.01,16.981165,201.12479,3.0,100.0,jfk,40.6413,-73.7781
2025-01-31 09:00:00+00:00,4.5,82.332695,0.35081005,0.0,0.0,0.01,15.841022,216.21893,3.0,100.0,jfk,40.6413,-73.7781
2025-01-31 10:00:00+00:00,4.3,84.39238,0.5706482,0.4,0.0,0.01,13.14,228.888,51.0,100.0,jfk,40.6413,-73.7781
2025-01-31 11:00:00+00:00,4.25,88.70043,0.6586909,0.4,0.0,0.01,12.984975,226.12321,51.0,100.0,jfk,40.6413,-73.7781
2025-01-31 12:00:00+00:00,4.15,90.92269,0.63849545,0.4,0.0,0.01,12.750811,228.43373,51.0,100.0,jfk,40.6413,-73.7781
2025-01-31 13:00:00+00:00,4.2,93.86629,1.5820508,0.2,0.0,0.01,7.2649574,228.01286,51.0,100.0,jfk,40.6413,-73.7781
2025-01-31 14:00:00+00:00,4.9,94.560974,2.4263997,0.1,0.0,0.01,7.3447943,197.10281,51.0,100.0,jfk,40.6413,-73.7781
2025-01-31 15:00:00+00:00,5.3,95.24124,2.7216282,0.1,0.0,0.01,8.759178,189.46225,51.0,100.0,jfk,40.6413,-73.7781
2025-01-31 16:00:00+00:00,5.95,93.62328,3.2878408,0.1,0.0,0.01,9.906544,204.70241,51.0,100.0,jfk,40.6413,-73.7781
2025-01-31 17:00:00+00:00,6.4,94.2972,4.161046,0.0,0.0,0.01,7.8149853,255.32356,3.0,100.0,jfk,40.6413,-73.7781
2025-01-31 18:00:00+00:00,6.6,92.68688,4.2597446,0.1,0.0,0.01,8.435069,230.19447,51.0,100.0,jfk,40.6413,-73.7781
2025-01-31 19:00:00+00:00,6.95,91.43231,4.627572,0.4,0.0,0.01,8.53815,235.30478,51.0,100.0,jfk,40.6413,-73.7781
2025-01-31 20:00:00+00:00,7.05,91.438866,4.9288177,0.1,0.0,0.01,7.3094187,232.0012,51.0,100.0,jfk,40.6413,-73.7781
2025-01-31 21:00:00+00:00,6.9,92.383644,4.7758923,0.1,0.0,0.01,7.329338,245.32315,51.0,100.0,jfk,40.6413,-73.7781
2025-01-31 22:00:00+00:00,6.5,93.6505,4.495598,0.4,0.0,0.01,6.206738,196.85847,51.0,100.0,jfk,40.6413,-73.7781
2025-01-31 23:00:00+00:00,6.15,95.93589,3.5785837,1.3,0.0,0.01,10.094454,158.00882,61.0,100.0,jfk,40.6413,-73.7781
2025-02-01 00:00:00+00:00,6.9,96.290855,4.1451855,1.9,0.0,0.01,12.580699,199.21277,61.0,100.0,jfk,40.6413,-73.7781
2025-02-01 01:00:00+00:00,7.75,96.97638,5.4764194,0.7,0.0,0.01,10.819482,224.32605,53.0,100.0,jfk,40.6413,-73.7781
2025-02-01 02:00:00+00:00,8.1,96.32559,5.5725794,0.6,0.0,0.01,12.979984,236.3099,53.0,100.0,jfk,40.6413,-73.7781
2025-02-01 03:00:00+00:00,8.2,96.00068,5.306204,1.2,0.0,0.0,15.577022,247.5838,55.0,100.0,jfk,40.6413,-73.7781
2025-01-01 04:00:00+00:00,7.9,92.75981,4.955783,3.2,0.0,0.0,14.597767,87.17294,63.0,100.0,laguardia,40.7769,-73.874
2025-01-01 05:00:00+00:00,8.4,95.355286,5.6698017,2.3,0.0,0.0,14.6254835,76.47682,61.0,100.0,laguardia,40.7769,-73.874
2025-01-01 06:00:00+00:00,8.85,96.34708,7.55013,0.1,0.0,0.0,5.8603754,100.619606,51.0,100.0,laguardia,40.7769,-73.874
2025-01-01 07:00:00+00:00,9.1,98.327995,7.5346737,0.0,0.0,0.0,8.669949,175.23645,3.0,100.0,laguardia,40.7769,-73.874
2025-01-01 08:00:00+00:00,9.05,98.32733,7.58971,0.0,0.0,0.0,7.8583965,200.09532,3.0,100.0,laguardia,40.7769,-73.874
2025-01-01 09:00:00+00:00,8.65,98.990234,6.8126717,0.0,0.0,0.0,9.901636,242.96922,3.0,100.0,laguardia,40.7769,-73.874
2025-01-01 10:00:00+00:00,8.4,97.32202,5.7829514,0.0,0.0,0.0,14.36621,254.74483,3.0,84.0,laguardia,40.7769,-73.874
2025-01-01 11:00:00+00:00,7.25,95.64165,4.1770744,0.0,0.0,0.0,15.158522,265.91446,0.0,12.0,laguardia,40.7769,-73.874
2025-01-01 12:00:00+00:00,5.8,95.92467,2.64509,0.0,0.0,0.0,13.576582,263.91156,0.0,13.0,laguardia,40.7769,-73.874
2025-01-01 13:00:00+00:00,7.3,96.30248,4.72958,0.0,0.0,0.0,11.953409,251.56496,1.0,38.0,laguardia,40.7769,-73.874
2025-01-01 14:00:00+00:00,8.1,92.77093,5.641238,0.0,0.0,0.0,11.594292,242.24155,0.0,5.0,laguardia,40.7769,-73.874
2025-01-01 15:00:00+00:00,9.35,88.52269,6.8818426,0.0,0.0,0.0,12.57426,246.3706,0.0,17.0,laguardia,40.7769,-73.874
2025-01-01 16:00:00+00:00,10.45,77.58934,7.324951,0.0,0.0,0.0,15.677576,257.39984,1.0,34.0,laguardia,40.7769,-73.874
2025-01-01 17:00:00+00:00,11.0,71.035484,7.7949867,0.0,0.0,0.0,15.048042,263.1301,1.0,34.0,laguardia,40.7769,-73.874
2025-01-01 18:00:00+00:00,11.1,67.45871,7.273734,0.0,0.0,0.0,18.329975,262.6657,3.0,100.0,laguardia,40.7769,-73.874
2025-01-01 19:00:00+00:00,8.95,68.6754,4.0077953,0.0,0.0,0.0,23.469128,274.39862,3.0,100.0,laguardia,40.7769,-73.874
2025-01-01 20:00:00+00:00,6.85,69.4691,1.4784698,0.1,0.0,0.0,24.107233,285.59286,51.0,96.0,laguardia,40.7769,-73.874
2025-01-01 21:00:00+00:00,5.85,71.28766,0.73518085,0.0,0.0,0.0,21.65468,283.4587,2.0,76.0,laguardia,40.7769,-73.874
2025-01-01 22:00:00+00:00,5.25,70.65729,0.17885685,0.1,0.0,0.0,20.580698,281.60474,51.0,30.0,laguardia,40.7769,-73.874
2025-01-01 23:00:00+00:00,4.9,67.57452,-0.30163455,0.0,0.0,0.0,20.478907,280.1246,2.0,52.0,laguardia,40.7769,-73.874
2025-01-02 00:00:00+00:00,4.75,63.233505,-0.58935285,0.0,0.0,0.0,20.39091,278.6307,0.0,19.0,laguardia,40.7769,-73.874
2025-01-02 01:00:00+00:00,5.15,59.05376,-0.3432622,0.0,0.0,0.0,20.933464,281.40652,0.0,1.0,laguardia,40.7769,-73.874
2025-01-02 02:00:00+00:00,4.6,55.094494,-1.1385903,0.0,0.0,0.0,21.34803,284.15344,0.0,1.0,laguardia,40.7769,-73.874
2025-01-02 03:00:00+00:00,3.95,53.6928,-1.6547103,0.0,0.0,0.0,19.662888,281.6185,0.0,0.0,laguardia,40.7769,-73.874
2025-01-02 04:00:00+00:00,3.5,55.838627,-1.9544382,0.0,0.0,0.0,18.710478,277.74023,0.0,1.0,laguardia,40.7769,-73.874
2025-01-02 05:00:00+00:00,3.15,59.203434,-2.2041733,0.0,0.0,0.0,18.382044,272.8063,0.0,1.0,laguardia,40.7769,-73.874
2025-01-02 06:00:00+00:00,2.75,58.87891,-2.732682,0.0,0.0,0.0,18.903427,268.9088,0.0,1.0,laguardia,40.7769,-73.874
2025-01-02 07:00:00+00:00,2.3,60.108406,-3.2267377,0.0,0.0,0.0,19.087639,268.37888,0.0,6.0,laguardia,40.7769,-73.874
2025-01-02 08:00:00+00:00,1.95,64.22897,-3.3566475,0.0,0.0,0.0,18.014393,267.70944,0.0,10.0,laguardia,40.7769,-73.874
2025-01-02 09:00:00+00:00,1.75,66.38542,-3.4047952,0.0,0.0,0.0,17.176563,264.58823,0.0,0.0,laguardia,40.7769,-73.874
2025-01-02 10:00:00+00:00,1.5,66.329155,-3.7003105,0.0,0.0,0.0,17.284687,261.61682,0.0,9.0,laguardia,40.7769,-73.874
2025-01-02 11:00:00+00:00,1.05,65.23665,-4.247789,0.0,0.0,0.0,17.438646,258.6901,0.0,5.0,laguardia,40.7769,-73.874
2025-01-02 12:00:00+00:00,0.6,65.62733,-4.61061,0.0,0.0,0.0,16.572712,261.2539,0.0,3.0,laguardia,40.7769,-73.874
2025-01-02 13:00:00+00:00,2.15,59.618584,-3.268394,0.0,0.0,0.0,18.151463,262.59317,0.0,0.0,laguardia,40.7769,-73.874
2025-01-02 14:00:00+00:00,3.05,58.956112,-2.1136415,0.0,0.0,0.0,16.954432,266.34784,0.0,2.0,laguardia,40.7769,-73.874
2025-01-02 15:00:00+00:00,4.05,56.406857,-1.2360547,0.0,0.0,0.0,18.079027,257.34744,0.0,17.0,laguardia,40.7769,-73.874
2025-01-02 16:00:00+00:00,4.9,49.86353,-1.5100279,0.0,0.0,0.0,25.107903,282.84067,1.0,26.0,laguardia,40.7769,-73.874
2025-01-02 17:00:00+00:00,5.15,46.830208,-1.2948375,0.0,0.0,0.0,24.890165,280.41595,3.0,85.0,laguardia,40.7769,-73.874
2025-01-02 18:00:00+00:00,5.3,43.60921,-1.0593297,0.0,0.0,0.0,23.723152,281.82147,1.0,44.0,laguardia,40.7769,-73.874
2025-01-02 19:00:00+00:00,5.5,40.1433,-1.1046102,0.0,0.0,0.0,24.788424,275.8347,3.0,91.0,laguardia,40.7769,-73.874
2025-01-02 20:00:00+00:00,4.8,43.459766,-0.9591453,0.0,0.0,0.0,19.259998,270.0,3.0,96.0,laguardia,40.7769,-73.874
2025-01-02 21:00:00+00:00,3.8,45.726543,-2.1681373,0.0,0.0,0.0,20.523155,268.99493,3.0,98.0,laguardia,40.7769,-73.874
2025-01-02 22:00:00+00:00,2.5,49.743282,-3.3736567,0.0,0.0,0.0,19.807362,271.5622,0.0,7.0,laguardia,40.7769,-73.874
2025-01-02 23:00:00+00:00,1.8,52.690445,-3.8271925,0.0,0.0,0.0,18.183563,271.1344,1.0,21.0,laguardia,40.7769,-73.874
2025-01-03 00:00:00+00:00,1.45,53.613342,-4.160751,0.0,0.0,0.0,18.0036,268.85425,2.0,62.0,laguardia,40.7769,-73.874
2025-01-03 01:00:00+00:00,1.75,52.07252,-4.091997,0.0,0.0,0.0,19.523155,264.71002,3.0,84.0,laguardia,40.7769,-73.874
2025-01-03 02:00:00+00:00,1.5,52.808937,-4.260471,0.0,0.0,0.0,18.930832,266.72958,1.0,33.0,laguardia,40.7769,-73.874
2025-01-03 03:00:00+00:00,0.9,56.419838,-4.4105883,0.0,0.0,0.0,16.04526,266.78458,0.0,14.0,laguardia,40.7769,-73.874
2025-01-03 04:00:00+00:00,0.35,59.839745,-4.6961503,0.0,0.0,0.0,14.401124,269.28384,0.0,18.0,laguardia,40.7769,-73.874
2025-01-03 05:00:00+00:00,-0.05,59.737118,-5.345464,0.0,0.0,0.0,15.84,270.0,0.0,12.0,laguardia,40.7769,-73.874
2025-01-03 06:00:00+00:00,-0.45,56.054703,-6.1988535,0.0,0.0,0.0,18.180891,270.56726,0.0,17.0,laguardia,40.7769,-73.874
2025-01-03 07:00:00+00:00,-0.65,54.920853,-6.385901,0.0,0.0,0.0,17.82,270.0,0.0,1.0,laguardia,40.7769,-73.874
2025-01-03 08:00:00+00:00,-0.9,56.81005,-6.3131104,0.0,0.0,0.0,15.726067,264.74628,0.0,5.0,laguardia,40.7769,-73.874
2025-01-03 09:00:00+00:00,-1.1,58.097008,-6.393635,0.0,0.0,0.0,14.967083,266.55267,0.0,1.0,laguardia,40.7769,-73.874
2025-01-03 10:00:00+00:00,-1.3,58.72553,-6.416597,0.0,0.0,0.0,13.722565,265.48608,0.0,5.0,laguardia,40.7769,-73.874
2025-01-03 11:00:00+00:00,-1.5,60.526905,-6.421038,0.0,0.0,0.0,12.503199,263.38663,0.0,1.0,laguardia,40.7769,-73.874
2025-01-03 12:00:00+00:00,-1.65,62.63786,-6.3649116,0.0,0.0,0.0,11.27553,253.30067,0.0,2.0,laguardia,40.7769,-73.874
2025-01-03 13:00:00+00:00,-0.5,62.199238,-4.8993564,0.0,0.0,0.0,9.761578,247.21756,0.0,8.0,laguardia,40.7769,-73.874
2025-01-03 14:00:00+00:00,0.7,56.583042,-3.970459,0.0,0.0,0.0,11.555102,251.8472,0.0,2.0,laguardia,40.7769,-73.874
2025-01-03 15:00:00+00:00,1.45,54.86217,-3.45464,0.0,0.0,0.0,13.363711,242.74475,0.0,0.0,laguardia,40.7769,-73.874
2025-01-03 16:00:00+00:00,2.3,49.87709,-3.2829409,0.0,0.0,0.0,17.714231,264.75296,1.0,36.0,laguardia,40.7769,-73.874
2025-01-03 17:00:00+00:00,2.6,49.58136,-2.7894886,0.0,0.0,0.0,16.520823,258.6901,1.0,42.0,laguardia,40.7769,-73.874
2025-01-03 18:00:00+00:00,3.05,47.841114,-2.3046505,0.0,0.0,0.0,16.248924,265.5527,2.0,63.0,laguardia,40.7769,-73.874
2025-01-03 19:00:00+00:00,3.2,47.701538,-2.0711806,0.0,0.0,0.0,15.743569,264.09396,2.0,72.0,laguardia,40.7769,-73.874
2025-01-03 20:00:00+00:00,3.25,47.533375,-2.0046086,0.0,0.0,0.0,15.629972,262.0566,3.0,99.0,laguardia,40.7769,-73.874
2025-01-03 21:00:00+00:00,3.1,51.07285,-1.2633677,0.0,0.0,0.0,10.070353,245.72557,3.0,98.0,laguardia,40.7769,-73.874
2025-01-03 22:00:00+00:00,2.4,56.178406,-1.9427204,0.0,0.0,0.0,10.3621235,252.824,3.0,96.0,laguardia,40.7769,-73.874
2025-01-03 23:00:00+00:00,1.85,59.316856,-2.443519,0.0,0.0,0.0,10.172787,283.29858,3.0,100.0,laguardia,40.7769,-73.874
2025-01-04 00:00:00+00:00,0.95,61.378628,-3.336157,0.0,0.0,0.0,9.826088,298.4428,3.0,100.0,laguardia,40.7769,-73.874
2025-01-04 01:00:00+00:00,-0.75,68.1166,-4.7111793,0.0,0.0,0.0,7.415038,264.4279,1.0,22.0,laguardia,40.7769,-73.874
2025-01-04 02:00:00+00:00,-0.95,66.53047,-5.4261317,0.0,0.0,0.0,10.594036,279.78235,3.0,98.0,laguardia,40.7769,-73.874
2025-01-04 03:00:00+00:00,-1.15,63.24621,-5.7666283,0.0,0.0,0.0,10.9859,288.13818,0.0,8.0,laguardia,40.7769,-73.874
2025-01-04 04:00:00+00:00,-1.35,61.749382,-6.099933,0.0,0.0,0.0,11.578912,281.65927,0.0,0.0,laguardia,40.7769,-73.874
2025-01-04 05:00:00+00:00,-1.45,58.915024,-6.543659,0.0,0.0,0.0,13.504799,291.0924,0.0,0.0,laguardia,40.7769,-73.874
2025-01-04 06:00:00+00:00,-1.55,54.45713,-6.8833656,0.0,0.0,0.0,14.512064,293.38525,0.0,13.0,laguardia,40.7769,-73.874
2025-01-04 07:00:00+00:00,-1.75,54.401337,-7.042085,0.0,0.0,0.0,14.118243,289.35907,3.0,93.0,laguardia,40.7769,-73.874
2025-01-04 08:00:00+00:00,-1.45,53.846756,-6.7740088,0.0,0.0,0.0,14.420235,294.32556,3.0,100.0,laguardia,40.7769,-73.874
2025-01-04 09:00:00+00:00,-1.15,51.446365,-6.6643944,0.0,0.0,0.0,15.561414,299.827,2.0,69.0,laguardia,40.7769,-73.874
2025-01-04 10:00:00+00:00,-1.6,43.395756,-7.631929,0.0,0.0,0.0,17.84271,300.96368,3.0,99.0,laguardia,40.7769,-73.874
2025-01-04 11:00:00+00:00,-1.85,44.379547,-8.000147,0.0,0.0,0.0,18.675814,296.31802,1.0,21.0,laguardia,40.7769,-73.874
2025-01-04 12:00:00+00:00,-2.35,47.36172,-8.4600935,0.0,0.0,0.0,18.561832,289.8408,2.0,56.0,laguardia,40.7769,-73.874
2025-01-04 13:00:00+00:00,-1.4,50.768883,-7.210477,0.0,0.0,0.0,17.377226,283.17255,0.0,1.0,laguardia,40.7769,-73.874
2025-01-04 14:00:00+00:00,-0.55,51.618805,-6.6865115,0.0,0.0,0.0,20.160805,293.13144,1.0,27.0,laguardia,40.7769,-73.874
2025-01-04 15:00:00+00:00,0.0,42.509827,-6.9586935,0.0,0.0,0.0,24.766848,302.53503,1.0,42.0,laguardia,40.7769,-73.874
2025-01-04 16:00:00+00:00,0.2,42.065548,-6.6955256,0.0,0.0,0.0,24.358597,300.16492,3.0,84.0,laguardia,40.7769,-73.874
2025-01-04 17:00:00+00:00,-0.05,44.927094,-6.6490636,0.0,0.0,0.0,22.629229,291.46295,3.0,100.0,laguardia,40.7769,-73.874
2025-01-04 18:00:00+00:00,-0.3,41.577637,-7.273929,0.0,0.0,0.0,24.604755,292.81335,3.0,80.0,laguardia,40.7769,-73.874
2025-01-04 19:00:00+00:00,-0.15,37.642117,-7.2024226,0.0,0.0,0.0,24.640942,295.0674,0.0,3.0,laguardia,40.7769,-73.874
2025-01-04 20:00:00+00:00,-0.3,38.674587,-7.260935,0.0,0.0,0.0,24.10186,291.00687,2.0,78.0,laguardia,40.7769,-73.874
2025-01-04 21:00:00+00:00,-0.9,41.060356,-7.1638193,0.0,0.0,0.0,19.41081,288.9391,2.0,65.0,laguardia,40.7769,-73.874
2025-01-04 22:00:00+00:00,-1.45,42.920345,-7.4471188,0.0,0.0,0.0,17.604147,286.02594,2.0,78.0,laguardia,40.7769,-73.874
2025-01-04 23:00:00+00:00,-1.6,43.0474,-7.548782,0.0,0.0,0.0,17.227419,280.84027,3.0,91.0,laguardia,40.7769,-73.874
2025-01-05 00:00:00+00:00,-1.75,43.175133,-7.573086,0.0,0.0,0.0,16.32055,276.96817,0.0,15.0,laguardia,40.7769,-73.874
2025-01-05 01:00:00+00:00,-1.65,43.907673,-7.3569922,0.0,0.0,0.0,15.659999,270.0,0.0,19.0,laguardia,40.7769,-73.874
2025-01-05 02:00:00+00:00,-1.9,44.72294,-7.7133236,0.0,0.0,0.0,16.388899,271.88815,0.0,7.0,laguardia,40.7769,-73.874
2025-01-05 03:00:00+00:00,-2.15,45.00802,-7.9218464,0.0,0.0,0.0,16.036171,272.5733,0.0,3.0,laguardia,40.7769,-73.874
2025-01-05 04:00:00+00:00,-2.45,45.46382,-8.12682,0.0,0.0,0.0,15.316933,272.6942,1.0,26.0,laguardia,40.7769,-73.874
2025-01-05 05:00:00+00:00,-2.8,44.809376,-8.401539,0.0,0.0,0.0,14.581113,270.7073,1.0,33.0,laguardia,40.7769,-73.874
2025-01-05 06:00:00+00:00,-3.0,44.56677,-8.748824,0.0,0.0,0.0,15.484185,271.33218,0.0,15.0,laguardia,40.7769,-73.874
2025-01-05 07:00:00+00:00,-3.2,45.78908,-8.729109,0.0,0.0,0.0,14.041154,270.7345,0.0,14.0,laguardia,40.7769,-73.874
2025-01-05 08:00:00+00:00,-3.3,47.650272,-8.69936,0.0,0.0,0.0,13.324863,268.45187,0.0,14.0,laguardia,40.7769,-73.874
2025-01-05 09:00:00+00:00,-3.35,49.596653,-8.667535,0.0,0.0,0.0,12.964998,271.5911,0.0,1.0,laguardia,40.7769,-73.874
2025-01-05 10:00:00+00:00,-3.4,51.615314,-8.634186,0.0,0.0,0.0,12.601285,270.81842,0.0,12.0,laguardia,40.7769,-73.874
2025-01-05 11:00:00+00:00,-3.25,51.658813,-8.526878,0.0,0.0,0.0,12.964998,271.5911,1.0,25.0,laguardia,40.7769,-73.874
2025-01-05 12:00:00+00:00,-3.2,51.261005,-8.454084,0.0,0.0,0.0,12.785069,268.3865,3.0,82.0,laguardia,40.7769,-73.874
2025-01-05 13:00:00+00:00,-2.7,49.589577,-7.9909525,0.0,0.0,0.0,13.062098,258.0707,1.0,48.0,laguardia,40.7769,-73.874
2025-01-05 14:00:00+00:00,-1.95,48.439903,-7.2689013,0.0,0.0,0.0,13.447095,242.06294,2.0,71.0,laguardia,40.7769,-73.874
2025-01-05 15:00:00+00:00,-1.2,46.580196,-7.019832,0.0,0.0,0.0,16.981165,274.8644,3.0,100.0,laguardia,40.7769,-73.874
2025-01-05 16:00:00+00:00,-0.5,46.054096,-6.4868703,0.0,0.0,0.0,18.379402,278.44745,3.0,100.0,laguardia,40.7769,-73.874
2025-01-05 17:00:00+00:00,-0.15,46.1593,-6.282531,0.0,0.0,0.0,19.56046,284.93146,3.0,100.0,laguardia,40.7769,-73.874
2025-01-05 18:00:00+00:00,-0.05,45.825497,-6.2794266,0.0,0.0,0.0,20.224983,290.85452,2.0,64.0,laguardia,40.7769,-73.874
2025-01-05 19:00:00+00:00,0.45,43.15836,-5.6965256,0.0,0.0,0.0,19.500736,293.9625,0.0,3.0,laguardia,40.7769,-73.874
2025-01-05 20:00:00+00:00,-0.05,41.322834,-6.1179047,0.0,0.0,0.0,18.463821,299.81406,0.0,10.0,laguardia,40.7769,-73.874
2025-01-05 21:00:00+00:00,-0.7,45.08794,-6.258743,0.0,0.0,0.0,15.216123,297.47433,1.0,43.0,laguardia,40.7769,-73.874
2025-01-05 22:00:00+00:00,-1.5,48.766933,-6.7909975,0.0,0.0,0.0,13.504799,291.0924,0.0,15.0,laguardia,40.7769,-73.874
2025-01-05 23:00:00+00:00,-1.8,50.6526,-6.9853916,0.0,0.0,0.0,12.882267,285.3956,3.0,84.0,laguardia,40.7769,-73.874
2025-01-06 00:00:00+00:00,-1.85,51.244247,-7.1506033,0.0,0.0,0.0,13.723745,286.7713,2.0,62.0,laguardia,40.7769,-73.874
2025-01-06 01:00:00+00:00,-1.75,53.974655,-6.7827005,0.0,0.0,0.0,12.284916,280.9806,2.0,78.0,laguardia,40.7769,-73.874
2025-01-06 02:00:00+00:00,-1.9,56.317974,-6.684374,0.0,0.0,0.0,10.8029995,280.56094,3.0,100.0,laguardia,40.7769,-73.874
2025-01-06 03:00:00+00:00,-2.05,58.07155,-6.736442,0.0,0.0,0.0,10.272623,281.113,3.0,100.0,laguardia,40.7769,-73.874
2025-01-06 04:00:00+00:00,-2.2,59.179585,-6.8237824,0.0,0.0,0.0,9.9,270.0,3.0,100.0,laguardia,40.7769,-73.874
2025-01-06 05:00:00+00:00,-2.35,60.073795,-6.9698534,0.0,0.0,0.0,9.901636,271.0416,3.0,100.0,laguardia,40.7769,-73.874
2025-01-06 06:00:00+00:00,-2.25,61.045753,-6.793847,0.0,0.0,0.0,9.555271,273.23962,3.0,100.0,laguardia,40.7769,-73.874
2025-01-06 07:00:00+00:00,-2.2,61.776585,-6.594172,0.0,0.0,0.0,8.647496,272.3859,3.0,100.0,laguardia,40.7769,-73.874
2025-01-06 08:00:00+00:00,-2.25,63.2233,-6.440273,0.0,0.0,0.0,7.3997297,265.81516,3.0,100.0,laguardia,40.7769,-73.874
2025-01-06 09:00:00+00:00,-2.25,64.4627,-6.048056,0.0,0.0,0.0,4.8633323,267.87894,3.0,100.0,laguardia,40.7769,-73.874
2025-01-06 10:00:00+00:00,-2.0,64.522125,-5.622903,0.0,0.0,0.0,3.8183763,261.87,3.0,100.0,laguardia,40.7769,-73.874
2025-01-06 11:00:00+00:00,-1.9,65.29856,-5.263348,0.0,0.0,0.0,2.19718,235.0079,3.0,100.0,laguardia,40.7769,-73.874
2025-01-06 12:00:00+00:00,-1.95,67.85325,-5.229366,0.0,0.0,0.0,1.9134263,221.18582,3.0,100.0,laguardia,40.7769,-73.874
2025-01-06 13:00:00+00:00,-1.85,69.723816,-5.42588,0.0,0.0,0.0,4.2481523,216.38445,3.0,100.0,laguardia,40.7769,-73.874
2025-01-06 14:00:00+00:00,-1.75,70.01241,-5.064468,0.1,0.07,0.0,2.5582807,219.28938,71.0,100.0,laguardia,40.7769,-73.874
2025-01-06 15:00:00+00:00,-1.5,70.06459,-4.4747677,0.2,0.14,0.0,0.40249225,333.43503,71.0,100.0,laguardia,40.7769,-73.874
2025-01-06 16:00:00+00:00,-1.45,71.97038,-4.419384,0.3,0.21000001,0.0,0.6489992,33.6901,73.0,100.0,laguardia,40.7769,-73.874
2025-01-06 17:00:00+00:00,-1.6,78.796234,-4.75107,0.5,0.35,0.01,2.6758924,19.653913,73.0,100.0,laguardia,40.7769,-73.874
2025-01-06 18:00:00+00:00,-1.55,80.30281,-4.760792,0.3,0.21000001,0.01,3.319036,40.601215,73.0,100.0,laguardia,40.7769,-73.874
2025-01-06 19:00:00+00:00,-1.65,80.89508,-4.9873495,0.1,0.07,0.01,4.186693,25.463305,71.0,100.0,laguardia,40.7769,-73.874
2025-01-06 20:00:00+00:00,-1.55,80.001045,-5.2234707,0.0,0.0,0.02,6.452441,22.988754,3.0,100.0,laguardia,40.7769,-73.874
2025-01-06 21:00:00+00:00,-1.4,78.53107,-5.2970533,0.0,0.0,0.02,7.9077177,11.821464,3.0,100.0,laguardia,40.7769,-73.874
2025-01-06 22:00:00+00:00,-1.55,77.91681,-5.45108,0.0,0.0,0.02,7.7420926,17.592522,3.0,100.0,laguardia,40.7769,-73.874
2025-01-06 23:00:00+00:00,-2.3,74.31782,-7.0135565,0.0,0.0,0.02,12.324414,6.70975,3.0,90.0,laguardia,40.7769,-73.874
2025-01-07 00:00:00+00:00,-3.25,71.61121,-7.981269,0.0,0.0,0.02,11.5115595,9.90412,3.0,100.0,laguardia,40.7769,-73.874
2025-01-07 01:00:00+00:00,-4.0,66.60902,-9.307486,0.0,0.0,0.02,14.471821,354.2895,3.0,99.0,laguardia,40.7769,-73.874
2025-01-07 02:00:00+00:00,-4.1,65.29119,-9.88949,0.0,0.0,0.02,17.581125,349.3804,3.0,100.0,laguardia,40.7769,-73.874
2025-01-07 03:00:00+00:00,-4.75,65.3955,-10.505156,0.0,0.0,0.02,17.020235,342.1398,3.0,100.0,laguardia,40.7769,-73.874
2025-01-07 04:00:00+00:00,-5.4,64.72496,-11.324082,0.0,0.0,0.02,17.790886,332.91653,3.0,100.0,laguardia,40.7769,-73.874
2025-01-07 05:00:00+00:00,-6.6,65.21675,-12.625351,0.0,0.0,0.02,17.975681,325.1959,3.0,100.0,laguardia,40.7769,-73.874
2025-01-07 06:00:00+00:00,-7.65,63.14601,-14.064098,0.0,0.0,0.02,20.01969,326.73856,3.0,100.0,laguardia,40.7769,-73.874
2025-01-07 07:00:00+00:00,-8.4,62.701035,-14.945141,0.0,0.0,0.02,20.590143,328.9504,3.0,90.0,laguardia,40.7769,-73.874
2025-01-07 08:00:00+00:00,-8.6,63.165924,-15.128491,0.0,0.0,0.01,20.436144,328.6901,1.0,49.0,laguardia,40.7769,-73.874
2025-01-07 09:00:00+00:00,-8.15,64.58094,-14.372803,0.0,0.0,0.01,18.623693,327.2315,2.0,52.0,laguardia,40.7769,-73.874
2025-01-07 10:00:00+00:00,-7.55,64.72654,-13.571147,0.0,0.0,0.01,17.49615,323.36578,1.0,22.0,laguardia,40.7769,-73.874
2025-01-07 11:00:00+00:00,-7.35,65.037186,-13.035973,0.0,0.0,0.01,15.30741,311.18582,3.0,94.0,laguardia,40.7769,-73.874
2025-01-07 12:00:00+00:00,-6.75,63.62584,-12.71764,0.0,0.0,0.01,17.373497,304.01938,0.0,10.0,laguardia,40.7769,-73.874
2025-01-07 13:00:00+00:00,-6.05,63.79787,-12.267028,0.0,0.0,0.01,19.408306,298.22867,1.0,20.0,laguardia,40.7769,-73.874
2025-01-07 14:00:00+00:00,-5.35,62.957314,-11.6948395,0.0,0.0,0.01,20.527102,296.56497,3.0,97.0,laguardia,40.7769,-73.874
2025-01-07 15:00:00+00:00,-4.9,62.569473,-12.349651,0.0,0.0,0.01,28.277763,301.46408,3.0,95.0,laguardia,40.7769,-73.874
2025-01-07 16:00:00+00:00,-4.05,59.39575,-10.799706,0.0,0.0,0.01,23.555254,300.28787,3.0,97.0,laguardia,40.7769,-73.874
2025-01-07 17:00:00+00:00,-3.25,57.06886,-11.301569,0.0,0.0,0.01,32.611805,309.40063,3.0,86.0,laguardia,40.7769,-73.874
2025-01-07 18:00:00+00:00,-3.15,60.1029,-11.015907,0.0,0.0,0.01,31.738241,309.01505,3.0,99.0,laguardia,40.7769,-73.874
2025-01-07 19:00:00+00:00,-2.9,61.359795,-10.26228,0.0,0.0,0.01,28.56334,302.3881,3.0,99.0,laguardia,40.7769,-73.874
2025-01-07 20:00:00+00:00,-2.9,61.119667,-9.428873,0.0,0.0,0.01,22.82028,302.43652,3.0,99.0,laguardia,40.7769,-73.874
2025-01-07 21:00:00+00:00,-2.9,59.69643,-9.404179,0.0,0.0,0.01,22.483433,299.23273,3.0,100.0,laguardia,40.7769,-73.874
2025-01-07 22:00:00+00:00,-3.4,62.941433,-10.049563,0.0,0.0,0.01,23.59099,297.7381,3.0,100.0,laguardia,40.7769,-73.874
2025-01-07 23:00:00+00:00,-3.3,62.47389,-9.928247,0.0,0.0,0.01,23.444956,298.92633,3.0,100.0,laguardia,40.7769,-73.874
2025-01-08 00:00:00+00:00,-3.5,63.41288,-10.524521,0.0,0.0,0.01,26.161995,302.9247,3.0,89.0,laguardia,40.7769,-73.874
2025-01-08 01:00:00+00:00,-2.65,52.664402,-8.867056,0.0,0.0,0.01,19.803272,297.0308,1.0,45.0,laguardia,40.7769,-73.874
2025-01-08 02:00:00+00:00,-3.05,54.685154,-8.907738,0.0,0.0,0.01,17.38934,295.76926,3.0,99.0,laguardia,40.7769,-73.874
2025-01-08 03:00:00+00:00,-2.85,53.87841,-8.6501255,0.0,0.0,0.01,16.994516,298.46506,3.0,98.0,laguardia,40.7769,-73.874
2025-01-08 04:00:00+00:00,-2.8,51.78903,-8.608629,0.0,0.0,0.01,16.828796,302.33017,3.0,99.0,laguardia,40.7769,-73.874
2025-01-08 05:00:00+00:00,-3.05,52.340446,-9.036197,0.0,0.0,0.01,17.9973,300.66885,3.0,94.0,laguardia,40.7769,-73.874
2025-01-08 06:00:00+00:00,-3.2,51.880558,-9.478128,0.0,0.0,0.01,19.878391,305.4171,3.0,92.0,laguardia,40.7769,-73.874
2025-01-08 07:00:00+00:00,-3.6,53.23829,-9.860319,0.0,0.0,0.01,19.731974,305.72006,1.0,41.0,laguardia,40.7769,-73.874
2025-01-08 08:00:00+00:00,-4.15,52.655537,-10.51236,0.0,0.0,0.01,20.128637,308.0997,2.0,59.0,laguardia,40.7769,-73.874
2025-01-08 09:00:00+00:00,-4.4,51.740883,-10.673889,0.0,0.0,0.01,19.320465,303.9862,3.0,90.0,laguardia,40.7769,-73.874
2025-01-08 10:00:00+00:00,-4.4,53.654003,-10.33079,0.0,0.0,0.01,17.169018,299.52127,3.0,91.0,laguardia,40.7769,-73.874
2025-01-08 11:00:00+00:00,-4.4,56.0778,-10.220295,0.0,0.0,0.01,16.666288,297.672,2.0,77.0,laguardia,40.7769,-73.874
2025-01-08 12:00:00+00:00,-4.7,55.99484,-10.659938,0.0,0.0,0.01,17.483181,298.9399,0.0,5.0,laguardia,40.7769,-73.874
2025-01-08 13:00:00+00:00,-4.3,48.322647,-10.702553,0.0,0.0,0.01,19.881649,301.6754,0.0,9.0,laguardia,40.7769,-73.874
2025-01-08 14:00:00+00:00,-3.8,40.993725,-10.406324,0.0,0.0,0.01,20.66867,303.2749,0.0,0.0,laguardia,40.7769,-73.874
2025-01-08 15:00:00+00:00,-3.25,41.165745,-9.96959,0.0,0.0,0.01,21.65468,296.139,0.0,2.0,laguardia,40.7769,-73.874
2025-01-08 16:00:00+00:00,-2.65,40.516327,-10.304054,0.0,0.0,0.01,28.200317,299.01898,3.0,96.0,laguardia,40.7769,-73.874
2025-01-08 17:00:00+00:00,-2.6,39.71061,-9.945115,0.0,0.0,0.01,26.002993,295.8555,1.0,29.0,laguardia,40.7769,-73.874
2025-01-08 18:00:00+00:00,-2.25,37.754208,-9.719531,0.0,0.0,0.01,26.740149,294.66736,3.0,84.0,laguardia,40.7769,-73.874
2025-01-08 19:00:00+00:00,-2.45,36.31779,-9.905952,0.0,0.0,0.01,26.403614,296.73965,1.0,24.0,laguardia,40.7769,-73.874
2025-01-08 20:00:00+00:00,-3.15,37.161926,-10.3782015,0.0,0.0,0.01,24.71512,297.31143,0.0,3.0,laguardia,40.7769,-73.874
2025-01-08 21:00:00+00:00,-4.3,42.210377,-11.329445,0.0,0.0,0.01,23.532547,299.3099,0.0,8.0,laguardia,40.7769,-73.874
2025-01-08 22:00:00+00:00,-5.5,46.024723,-12.165541,0.0,0.0,0.01,21.017649,298.10126,1.0,26.0,laguardia,40.7769,-73.874
2025-01-08 23:00:00+00:00,-6.1,47.581654,-12.655345,0.0,0.0,0.01,20.206554,295.88022,1.0,22.0,laguardia,40.7769,-73.874
2025-01-09 00:00:00+00:00,-6.55,48.438435,-13.128078,0.0,0.0,0.0,20.28976,291.32953,1.0,32.0,laguardia,40.7769,-73.874
2025-01-09 01:00:00+00:00,-5.35,45.129498,-12.002827,0.0,0.0,0.0,20.893959,292.80975,3.0,89.0,laguardia,40.7769,-73.874
2025-01-09 02:00:00+00:00,-5.6,48.725254,-11.774926,0.0,0.0,0.0,17.878994,286.9756,2.0,77.0,laguardia,40.7769,-73.874
2025-01-09 03:00:00+00:00,-5.85,51.31678,-12.102806,0.0,0.0,0.0,18.568813,281.7456,1.0,33.0,laguardia,40.7769,-73.874
2025-01-09 04:00:00+00:00,-6.2,53.355583,-12.351737,0.0,0.0,0.0,17.935081,280.40765,1.0,35.0,laguardia,40.7769,-73.874
2025-01-09 05:00:00+00:00,-6.3,53.54537,-12.58386,0.0,0.0,0.0,18.820976,282.7071,2.0,55.0,laguardia,40.7769,-73.874
2025-01-09 06:00:00+00:00,-6.1,52.949856,-12.678019,0.0,0.0,0.0,20.858265,291.25058,2.0,65.0,laguardia,40.7769,-73.874
2025-01-09 07:00:00+00:00,-5.9,53.441868,-12.919164,0.0,0.0,0.0,24.004873,298.67892,3.0,94.0,laguardia,40.7769,-73.874
2025-01-09 08:00:00+00:00,-5.6,54.405056,-11.973734,0.0,0.0,0.0,19.787722,301.23184,2.0,78.0,laguardia,40.7769,-73.874
2025-01-09 09:00:00+00:00,-5.65,54.170372,-12.373054,0.0,0.0,0.0,22.140732,306.40417,2.0,70.0,laguardia,40.7769,-73.874
2025-01-09 10:00:00+00:00,-5.7,52.20689,-12.349106,0.0,0.0,0.0,21.426805,305.42587,2.0,65.0,laguardia,40.7769,-73.874
2025-01-09 11:00:00+00:00,-5.75,52.620068,-12.552655,0.0,0.0,0.0,22.5,306.86996,2.0,60.0,laguardia,40.7769,-73.874
2025-01-09 12:00:00+00:00,-5.7,52.84956,-12.344471,0.0,0.0,0.0,21.45627,307.1584,2.0,62.0,laguardia,40.7769,-73.874
2025-01-09 13:00:00+00:00,-4.45,50.895657,-11.681753,0.0,0.0,0.0,25.77962,305.9098,1.0,45.0,laguardia,40.7769,-73.874
2025-01-09 14:00:00+00:00,-3.95,48.036217,-11.005444,0.0,0.0,0.0,24.464113,302.98853,1.0,30.0,laguardia,40.7769,-73.874
2025-01-09 15:00:00+00:00,-3.5,44.232254,-10.766294,0.0,0.0,0.0,25.661207,304.136,3.0,80.0,laguardia,40.7769,-73.874
2025-01-09 16:00:00+00:00,-2.9,41.784397,-10.140368,0.0,0.0,0.0,25.423365,305.4906,1.0,23.0,laguardia,40.7769,-73.874
2025-01-09 17:00:00+00:00,-2.2,40.989296,-9.704177,0.0,0.0,0.0,27.396093,306.7194,1.0,48.0,laguardia,40.7769,-73.874
2025-01-09 18:00:00+00:00,-1.65,41.832283,-9.1220455,0.0,0.0,0.0,27.495258,309.42133,1.0,47.0,laguardia,40.7769,-73.874
2025-01-09 19:00:00+00:00,-1.65,44.619614,-8.946699,0.0,0.0,0.0,26.652765,311.44064,1.0,44.0,laguardia,40.7769,-73.874
2025-01-09 20:00:00+00:00,-2.4,47.920197,-9.782543,0.0,0.0,0.0,27.333935,310.192,3.0,85.0,laguardia,40.7769,-73.874
2025-01-09 21:00:00+00:00,-2.75,51.803482,-9.644592,0.0,0.0,0.0,24.300001,306.86996,1.0,28.0,laguardia,40.7769,-73.874
2025-01-09 22:00:00+00:00,-3.6,57.428295,-10.756769,0.0,0.0,0.0,26.347105,314.7232,2.0,59.0,laguardia,40.7769,-73.874
2025-01-09 23:00:00+00:00,-3.45,58.386936,-10.395082,0.0,0.0,0.0,25.076267,320.82635,1.0,44.0,laguardia,40.7769,-73.874
2025-01-10 00:00:00+00:00,-3.65,61.653812,-10.737385,0.0,0.0,0.0,26.317575,322.50302,2.0,75.0,laguardia,40.7769,-73.874
2025-01-10 01:00:00+00:00,-2.15,58.044937,-8.780594,0.0,0.0,0.0,23.546999,315.30966,1.0,37.0,laguardia,40.7769,-73.874
2025-01-10 02:00:00+00:00,-1.85,58.352364,-8.379494,0.0,0.0,0.0,23.05476,317.21478,1.0,22.0,laguardia,40.7769,-73.874
2025-01-10 03:00:00+00:00,-1.75,58.836357,-8.059235,0.0,0.0,0.0,21.661413,317.69434,0.0,8.0,laguardia,40.7769,-73.874
2025-01-10 04:00:00+00:00,-1.95,59.013966,-8.2134,0.0,0.0,0.0,21.259058,316.02905,1.0,28.0,laguardia,40.7769,-73.874
2025-01-10 05:00:00+00:00,-2.25,59.16651,-8.534056,0.0,0.0,0.0,21.256008,314.65695,1.0,34.0,laguardia,40.7769,-73.874
2025-01-10 06:00:00+00:00,-2.55,59.78736,-8.941257,0.0,0.0,0.0,21.90534,316.99786,1.0,31.0,laguardia,40.7769,-73.874
2025-01-10 07:00:00+00:00,-2.85,60.89313,-9.055928,0.0,0.0,0.0,20.605871,321.02753,0.0,12.0,laguardia,40.7769,-73.874
2025-01-10 08:00:00+00:00,-2.85,60.654736,-8.857868,0.0,0.0,0.0,19.219584,315.3794,1.0,22.0,laguardia,40.7769,-73.874
2025-01-10 09:00:00+00:00,-3.0,61.09426,-8.852184,0.0,0.0,0.0,18.123774,325.52072,0.0,15.0,laguardia,40.7769,-73.874
2025-01-10 10:00:00+00:00,-3.15,60.816544,-8.837999,0.0,0.0,0.0,16.886454,324.10724,0.0,6.0,laguardia,40.7769,-73.874
2025-01-10 11:00:00+00:00,-3.25,60.077023,-8.889746,0.0,0.0,0.0,16.418526,322.12494,0.0,9.0,laguardia,40.7769,-73.874
2025-01-10 12:00:00+00:00,-3.35,60.288357,-8.97305,0.0,0.0,0.0,16.276815,321.73596,0.0,17.0,laguardia,40.7769,-73.874
2025-01-10 13:00:00+00:00,-2.2,59.411594,-7.8074718,0.0,0.0,0.0,16.674063,314.56268,3.0,84.0,laguardia,40.7769,-73.874
2025-01-10 14:00:00+00:00,-1.05,52.911324,-6.488966,0.0,0.0,0.0,15.292585,312.1375,2.0,67.0,laguardia,40.7769,-73.874
2025-01-10 15:00:00+00:00,-0.1,48.221985,-5.3868084,0.0,0.0,0.0,14.083778,321.2258,1.0,28.0,laguardia,40.7769,-73.874
2025-01-10 16:00:00+00:00,1.5,42.630707,-3.5435596,0.0,0.0,0.0,12.362475,317.95087,1.0,23.0,laguardia,40.7769,-73.874
2025-01-10 17:00:00+00:00,2.65,41.332333,-2.3390255,0.0,0.0,0.0,12.351987,316.77145,0.0,7.0,laguardia,40.7769,-73.874
2025-01-10 18:00:00+00:00,3.4,41.399017,-1.5292511,0.0,0.0,0.0,12.351987,316.77145,2.0,66.0,laguardia,40.7769,-73.874
2025-01-10 19:00:00+00:00,3.55,41.768013,-1.1504359,0.0,0.0,0.0,10.934166,302.90524,3.0,99.0,laguardia,40.7769,-73.874
2025-01-10 20:00:00+00:00,3.25,42.002792,-1.3515053,0.0,0.0,0.0,10.134496,289.72235,3.0,100.0,laguardia,40.7769,-73.874
2025-01-10 21:00:00+00:00,2.15,49.071136,-2.005231,0.0,0.0,0.0,7.69592,280.78424,3.0,100.0,laguardia,40.7769,-73.874
2025-01-10 22:00:00+00:00,0.95,53.68066,-3.04107,0.0,0.0,0.0,6.601363,281.00348,3.0,98.0,laguardia,40.7769,-73.874
2025-01-10 23:00:00+00:00,0.3,54.545654,-3.7551765,0.0,0.0,0.0,6.7853074,291.80148,3.0,80.0,laguardia,40.7769,-73.874
2025-01-11 00:00:00+00:00,-0.5,54.112545,-4.806554,0.0,0.0,0.0,7.989242,292.5206,3.0,100.0,laguardia,40.7769,-73.874
2025-01-11 01:00:00+00:00,0.55,60.120304,-3.447019,0.0,0.0,0.0,7.3799996,282.68036,3.0,100.0,laguardia,40.7769,-73.874
2025-01-11 02:00:00+00:00,-0.05,63.511875,-3.7798252,0.0,0.0,0.0,5.6521144,260.83774,3.0,100.0,laguardia,40.7769,-73.874
2025-01-11 03:00:00+00:00,-0.1,66.976105,-3.468893,0.0,0.0,0.0,3.644722,290.22495,3.0,100.0,laguardia,40.7769,-73.874
2025-01-11 04:00:00+00:00,-0.3,70.84688,-3.4923716,0.1,0.07,0.0,2.8460495,304.69522,71.0,95.0,laguardia,40.7769,-73.874
2025-01-11 05:00:00+00:00,-0.6,71.05442,-3.85045,0.0,0.0,0.0,3.0547013,224.9999,3.0,100.0,laguardia,40.7769,-73.874
2025-01-11 06:00:00+00:00,-0.6,69.72054,-4.08835,0.0,0.0,0.0,4.5,233.13002,3.0,100.0,laguardia,40.7769,-73.874
2025-01-11 07:00:00+00:00,-0.95,75.69964,-3.8905108,0.3,0.21000001,0.0,1.3104197,195.94547,73.0,100.0,laguardia,40.7769,-73.874
2025-01-11 08:00:00+00:00,-1.25,70.653,-4.993384,0.1,0.07,0.0,5.920878,199.53674,71.0,100.0,laguardia,40.7769,-73.874
2025-01-11 09:00:00+00:00,-1.7,71.37398,-5.73241,0.2,0.14,0.0,7.689603,212.57405,71.0,100.0,laguardia,40.7769,-73.874
2025-01-11 10:00:00+00:00,-2.3,78.09088,-5.894697,0.6,0.42000002,0.0,5.1165614,230.71062,73.0,100.0,laguardia,40.7769,-73.874
2025-01-11 11:00:00+00:00,-2.7,84.18023,-5.8934717,0.4,0.28,0.0,2.8116899,230.19447,73.0,100.0,laguardia,40.7769,-73.874
2025-01-11 12:00:00+00:00,-2.75,84.812904,-6.01192,0.1,0.07,0.0,3.319036,229.39879,71.0,100.0,laguardia,40.7769,-73.874
2025-01-11 13:00:00+00:00,-2.65,83.23684,-5.87179,0.0,0.0,0.0,2.9301877,280.6196,3.0,100.0,laguardia,40.7769,-73.874
2025-01-11 14:00:00+00:00,-2.1,82.060425,-5.4776254,0.0,0.0,0.0,4.2671766,297.64587,3.0,99.0,laguardia,40.7769,-73.874
2025-01-11 15:00:00+00:00,-1.25,79.44627,-4.8781567,0.0,0.0,0.0,6.299999,323.13,3.0,98.0,laguardia,40.7769,-73.874
2025-01-11 16:00:00+00:00,-0.55,76.05488,-4.572663,0.0,0.0,0.0,9.085988,326.3099,3.0,98.0,laguardia,40.7769,-73.874
2025-01-11 17:00:00+00:00,-0.05,73.61593,-4.411181,0.0,0.0,0.0,11.448055,323.31018,3.0,97.0,laguardia,40.7769,-73.874
2025-01-11 18:00:00+00:00,0.1,70.13074,-4.477662,0.0,0.0,0.0,12.538134,320.82635,3.0,97.0,laguardia,40.7769,-73.874
2025-01-11 19:00:00+00:00,0.35,68.355415,-4.609156,0.0,0.0,0.0,15.077082,326.68936,3.0,99.0,laguardia,40.7769,-73.874
2025-01-11 20:00:00+00:00,0.35,71.245674,-4.3280454,0.0,0.0,0.0,13.581354,325.25674,3.0,100.0,laguardia,40.7769,-73.874
2025-01-11 21:00:00+00:00,0.25,72.30384,-3.940266,0.0,0.0,0.0,10.316686,312.8789,3.0,100.0,laguardia,40.7769,-73.874
2025-01-11 22:00:00+00:00,0.0,70.90774,-4.7512755,0.0,0.0,0.0,13.767352,318.1799,3.0,100.0,laguardia,40.7769,-73.874
2025-01-11 23:00:00+00:00,-0.65,68.92026,-5.714258,0.0,0.0,0.0,15.159589,317.406,1.0,30.0,laguardia,40.7769,-73.874
2025-01-12 00:00:00+00:00,-1.9,67.86428,-7.254641,0.0,0.0,0.0,16.176983,317.25458,0.0,11.0,laguardia,40.7769,-73.874
2025-01-12 01:00:00+00:00,-1.55,65.38019,-7.0110774,0.0,0.0,0.0,16.80857,313.26434,0.0,5.0,laguardia,40.7769,-73.874
2025-01-12 02:00:00+00:00,-1.8,66.33714,-7.228788,0.0,0.0,0.0,16.554129,313.23764,0.0,6.0,laguardia,40.7769,-73.874
2025-01-12 03:00:00+00:00,-1.95,67.33292,-7.2292805,0.0,0.0,0.0,15.561413,318.75183,0.0,6.0,laguardia,40.7769,-73.874
2025-01-12 04:00:00+00:00,-1.95,68.64048,-7.1093507,0.0,0.0,0.0,14.904173,322.85324,0.0,3.0,laguardia,40.7769,-73.874
2025-01-12 05:00:00+00:00,-1.95,69.97059,-6.9956846,0.0,0.0,0.0,14.292725,323.70728,1.0,37.0,laguardia,40.7769,-73.874
2025-01-12 06:00:00+00:00,-1.65,70.57085,-6.5587497,0.0,0.0,0.0,13.6289835,326.3099,3.0,96.0,laguardia,40.7769,-73.874
2025-01-12 07:00:00+00:00,-1.25,70.653,-5.9533057,0.0,0.0,0.0,12.503199,329.74365,3.0,96.0,laguardia,40.7769,-73.874
2025-01-12 08:00:00+00:00,-0.7,67.610535,-5.4752016,0.0,0.0,0.0,12.96125,332.72333,1.0,37.0,laguardia,40.7769,-73.874
2025-01-12 09:00:00+00:00,-1.05,69.36131,-5.512931,0.0,0.0,0.0,10.819482,315.67395,0.0,5.0,laguardia,40.7769,-73.874
2025-01-12 10:00:00+00:00,-1.4,70.62223,-5.808267,0.0,0.0,0.0,10.373061,308.65982,0.0,5.0,laguardia,40.7769,-73.874
2025-01-12 11:00:00+00:00,-1.7,70.022865,-6.017915,0.0,0.0,0.0,9.473541,321.17017,0.0,8.0,laguardia,40.7769,-73.874
2025-01-12 12:00:00+00:00,-2.05,70.75911,-6.06229,0.0,0.0,0.0,7.2403865,325.1246,0.0,2.0,laguardia,40.7769,-73.874
2025-01-12 13:00:00+00:00,-1.2,64.960625,-5.220138,0.0,0.0,0.0,7.0934615,305.7068,0.0,1.0,laguardia,40.7769,-73.874
2025-01-12 14:00:00+00:00,0.55,58.307102,-3.6186433,0.0,0.0,0.0,8.281956,312.3574,0.0,1.0,laguardia,40.7769,-73.874
2025-01-12 15:00:00+00:00,2.2,51.011852,-1.8796239,0.0,0.0,0.0,7.538541,303.31064,0.0,0.0,laguardia,40.7769,-73.874
2025-01-12 16:00:00+00:00,3.25,48.268368,-0.97424626,0.0,0.0,0.0,8.699793,294.44394,0.0,1.0,laguardia,40.7769,-73.874
2025-01-12 17:00:00+00:00,4.25,47.64391,-0.18867016,0.0,0.0,0.0,10.694485,316.36386,2.0,72.0,laguardia,40.7769,-73.874
2025-01-12 18:00:00+00:00,4.85,48.365036,0.47875357,0.0,0.0,0.0,10.783486,303.42484,2.0,67.0,laguardia,40.7769,-73.874
2025-01-12 19:00:00+00:00,4.7,51.138683,0.53057766,0.0,0.0,0.0,9.860649,291.41302,2.0,76.0,laguardia,40.7769,-73.874
2025-01-12 20:00:00+00:00,4.3,53.789005,0.39313555,0.0,0.0,0.0,8.297589,294.34106,1.0,30.0,laguardia,40.7769,-73.874
2025-01-12 21:00:00+00:00,3.55,60.875305,0.2670889,0.0,0.0,0.0,4.802999,282.99463,0.0,3.0,laguardia,40.7769,-73.874
2025-01-12 22:00:00+00:00,1.2,69.57235,-2.041711,0.0,0.0,0.0,4.14,270.0,0.0,0.0,laguardia,40.7769,-73.874
2025-01-12 23:00:00+00:00,0.35,70.97851,-2.9711046,0.0,0.0,0.0,4.2366967,282.26477,0.0,1.0,laguardia,40.7769,-73.874
2025-01-13 00:00:00+00:00,-0.25,73.302185,-3.5693188,0.0,0.0,0.0,4.1046314,322.12494,0.0,4.0,laguardia,40.7769,-73.874
2025-01-13 01:00:00+00:00,-0.65,73.78109,-4.0035825,0.0,0.0,0.0,4.1046314,307.87503,1.0,24.0,laguardia,40.7769,-73.874
2025-01-13 02:00:00+00:00,-1.05,74.547356,-4.389265,0.0,0.0,0.0,3.8141315,289.29013,1.0,36.0,laguardia,40.7769,-73.874
2025-01-13 03:00:00+00:00,-1.25,73.94848,-4.5564084,0.0,0.0,0.0,3.362677,254.47583,3.0,100.0,laguardia,40.7769,-73.874
2025-01-13 04:00:00+00:00,-0.1,67.486275,-3.5587945,0.0,0.0,0.0,4.3349743,228.36655,3.0,100.0,laguardia,40.7769,-73.874
2025-01-13 05:00:00+00:00,-0.05,68.52778,-3.5927699,0.0,0.0,0.0,5.0975285,222.13753,3.0,100.0,laguardia,40.7769,-73.874
2025-01-13 06:00:00+00:00,0.1,69.34145,-3.5064855,0.0,0.0,0.0,5.7628117,218.65984,2.0,65.0,laguardia,40.7769,-73.874
2025-01-13 07:00:00+00:00,-0.6,72.95996,-4.1123853,0.0,0.0,0.0,5.1165614,219.28938,2.0,75.0,laguardia,40.7769,-73.874
2025-01-13 08:00:00+00:00,-0.75,72.65601,-4.3923397,0.0,0.0,0.0,5.854844,224.9999,2.0,77.0,laguardia,40.7769,-73.874
2025-01-13 09:00:00+00:00,-1.0,72.60762,-4.750699,0.0,0.0,0.0,6.4096174,218.15727,1.0,41.0,laguardia,40.7769,-73.874
2025-01-13 10:00:00+00:00,-1.5,75.316956,-5.2344484,0.0,0.0,0.0,6.297428,210.96368,0.0,3.0,laguardia,40.7769,-73.874
2025-01-13 11:00:00+00:00,-1.65,76.15156,-5.4793715,0.0,0.0,0.0,6.9480934,216.57312,0.0,0.0,laguardia,40.7769,-73.874
2025-01-13 12:00:00+00:00,-2.0,76.96281,-5.7845984,0.0,0.0,0.0,6.4924874,223.87679,0.0,0.0,laguardia,40.7769,-73.874
2025-01-13 13:00:00+00:00,-1.15,69.34011,-5.196293,0.0,0.0,0.0,7.891311,224.9999,0.0,0.0,laguardia,40.7769,-73.874
2025-01-13 14:00:00+00:00,0.4,62.420517,-3.6410046,0.0,0.0,0.0,7.928177,219.47243,1.0,44.0,laguardia,40.7769,-73.874
2025-01-13 15:00:00+00:00,1.7,57.50383,-2.3574305,0.0,0.0,0.0,8.149847,223.21011,3.0,100.0,laguardia,40.7769,-73.874
2025-01-13 16:00:00+00:00,2.2,56.767876,-1.7360363,0.0,0.0,0.0,7.5363917,220.15593,3.0,91.0,laguardia,40.7769,-73.874
2025-01-13 17:00:00+00:00,3.6,54.41181,-0.340168,0.0,0.0,0.0,8.131936,207.69939,0.0,8.0,laguardia,40.7769,-73.874
2025-01-13 18:00:00+00:00,4.95,55.188805,0.8404608,0.0,0.0,0.0,10.472535,208.76755,0.0,0.0,laguardia,40.7769,-73.874
2025-01-13 19:00:00+00:00,5.75,55.198704,1.7101684,0.0,0.0,0.0,10.650465,210.46547,1.0,32.0,laguardia,40.7769,-73.874
2025-01-13 20:00:00+00:00,6.4,47.37182,1.4107752,0.0,0.0,0.0,15.922624,259.57935,1.0,38.0,laguardia,40.7769,-73.874
2025-01-13 21:00:00+00:00,5.15,49.747288,0.011362076,0.0,0.0,0.0,16.546299,261.87,1.0,49.0,laguardia,40.7769,-73.874
2025-01-13 22:00:00+00:00,3.75,51.063107,-1.3689182,0.0,0.0,0.0,15.68584,266.71082,0.0,0.0,laguardia,40.7769,-73.874
2025-01-13 23:00:00+00:00,2.55,51.899933,-2.165358,0.0,0.0,0.0,12.273043,265.7947,0.0,0.0,laguardia,40.7769,-73.874
2025-01-14 00:00:00+00:00,1.4,53.599422,-3.2171614,0.0,0.0,0.0,11.157096,259.7779,0.0,0.0,laguardia,40.7769,-73.874
2025-01-14 01:00:00+00:00,0.95,61.846764,-3.2167923,0.0,0.0,0.0,9.080639,256.2392,0.0,2.0,laguardia,40.7769,-73.874
2025-01-14 02:00:00+00:00,0.55,61.51294,-3.7029579,0.0,0.0,0.0,9.346143,254.3577,0.0,2.0,laguardia,40.7769,-73.874
2025-01-14 03:00:00+00:00,0.45,58.28087,-4.1636086,0.0,0.0,0.0,11.265469,257.074,0.0,0.0,laguardia,40.7769,-73.874
2025-01-14 04:00:00+00:00,0.35,55.62399,-4.4278955,0.0,0.0,0.0,11.9317045,281.3099,0.0,0.0,laguardia,40.7769,-73.874
2025-01-14 05:00:00+00:00,-0.25,56.109035,-4.7855263,0.0,0.0,0.0,9.984729,303.9766,0.0,0.0,laguardia,40.7769,-73.874
2025-01-14 06:00:00+00:00,-0.85,57.266983,-5.343491,0.0,0.0,0.0,9.511088,299.4758,0.0,0.0,laguardia,40.7769,-73.874
2025-01-14 07:00:00+00:00,-1.4,58.243942,-6.0590496,0.0,0.0,0.0,10.464797,296.56497,0.0,0.0,laguardia,40.7769,-73.874
2025-01-14 08:00:00+00:00,-1.9,57.884476,-6.89427,0.0,0.0,0.0,12.440851,301.39023,0.0,2.0,laguardia,40.7769,-73.874
2025-01-14 09:00:00+00:00,-2.5,57.271637,-7.6062155,0.0,0.0,0.0,12.815443,299.44534,0.0,0.0,laguardia,40.7769,-73.874
2025-01-14 10:00:00+00:00,-2.95,56.030647,-8.041067,0.0,0.0,0.0,12.337553,293.1986,0.0,1.0,laguardia,40.7769,-73.874
2025-01-14 11:00:00+00:00,-3.3,52.688354,-8.724591,0.0,0.0,0.0,14.0734215,290.98495,0.0,1.0,laguardia,40.7769,-73.874
2025-01-14 12:00:00+00:00,-3.6,47.946835,-9.145842,0.0,0.0,0.0,14.241629,286.1444,0.0,0.0,laguardia,40.7769,-73.874
2025-01-14 13:00:00+00:00,-2.5,43.823906,-8.180398,0.0,0.0,0.0,15.122143,278.90164,1.0,25.0,laguardia,40.7769,-73.874
2025-01-14 14:00:00+00:00,-1.95,41.067043,-7.8154697,0.0,0.0,0.0,16.263872,275.0795,0.0,2.0,laguardia,40.7769,-73.874
2025-01-14 15:00:00+00:00,-1.3,32.415348,-7.9224277,0.0,0.0,0.0,20.562586,293.1986,0.0,0.0,laguardia,40.7769,-73.874
2025-01-14 16:00:00+00:00,-1.25,30.853575,-8.132155,0.0,0.0,0.0,22.151703,294.48248,0.0,0.0,laguardia,40.7769,-73.874
2025-01-14 17:00:00+00:00,-0.55,30.942001,-7.16197,0.0,0.0,0.0,20.527102,296.56497,1.0,27.0,laguardia,40.7769,-73.874
2025-01-14 18:00:00+00:00,-0.05,32.80422,-6.5764813,0.0,0.0,0.0,20.371832,297.9235,3.0,82.0,laguardia,40.7769,-73.874
2025-01-14 19:00:00+00:00,0.1,35.64198,-6.0448627,0.0,0.0,0.0,18.22361,286.6451,0.0,16.0,laguardia,40.7769,-73.874
2025-01-14 20:00:00+00:00,0.35,33.744556,-5.7190022,0.0,0.0,0.0,17.515581,292.34814,1.0,38.0,laguardia,40.7769,-73.874
2025-01-14 21:00:00+00:00,-0.25,36.55878,-5.870657,0.0,0.0,0.0,14.628807,288.658,0.0,8.0,laguardia,40.7769,-73.874
2025-01-14 22:00:00+00:00,-1.4,41.572453,-6.5080934,0.0,0.0,0.0,11.351422,284.69736,2.0,61.0,laguardia,40.7769,-73.874
2025-01-14 23:00:00+00:00,-2.0,43.800335,-7.087281,0.0,0.0,0.0,11.252519,277.3523,2.0,65.0,laguardia,40.7769,-73.874
2025-01-15 00:00:00+00:00,-2.25,41.646294,-7.5442495,0.0,0.0,0.0,12.304682,275.8773,3.0,100.0,laguardia,40.7769,-73.874
2025-01-15 01:00:00+00:00,-1.9,46.555504,-7.3908763,0.0,0.0,0.0,14.410121,272.14755,3.0,95.0,laguardia,40.7769,-73.874
2025-01-15 02:00:00+00:00,-2.4,49.479908,-7.7872515,0.0,0.0,0.0,13.842457,282.77124,3.0,99.0,laguardia,40.7769,-73.874
2025-01-15 03:00:00+00:00,-2.5,48.86012,-8.129755,0.0,0.0,0.0,15.385525,298.66385,2.0,72.0,laguardia,40.7769,-73.874
2025-01-15 04:00:00+00:00,-3.25,42.53737,-9.359706,0.0,0.0,0.0,17.629896,296.04178,2.0,71.0,laguardia,40.7769,-73.874
2025-01-15 05:00:00+00:00,-4.05,44.062508,-10.104771,0.0,0.0,0.0,17.134071,289.00607,0.0,10.0,laguardia,40.7769,-73.874
2025-01-15 06:00:00+00:00,-4.7,47.034386,-10.337117,0.0,0.0,0.0,14.348156,289.79898,0.0,4.0,laguardia,40.7769,-73.874
2025-01-15 07:00:00+00:00,-5.1,47.689163,-11.182892,0.0,0.0,0.0,17.325874,299.22797,0.0,5.0,laguardia,40.7769,-73.874
2025-01-15 08:00:00+00:00,-5.4,47.598198,-11.377262,0.0,0.0,0.0,16.485485,301.60745,0.0,3.0,laguardia,40.7769,-73.874
2025-01-15 09:00:00+00:00,-5.55,49.95437,-11.400069,0.0,0.0,0.01,15.787753,298.61035,0.0,6.0,laguardia,40.7769,-73.874
2025-01-15 10:00:00+00:00,-5.45,51.434216,-11.319962,0.0,0.0,0.01,16.104721,295.1329,0.0,12.0,laguardia,40.7769,-73.874
2025-01-15 11:00:00+00:00,-5.15,52.15437,-10.923485,0.0,0.0,0.01,15.629971,298.92633,0.0,19.0,laguardia,40.7769,-73.874
2025-01-15 12:00:00+00:00,-4.85,53.525608,-10.52712,0.0,0.0,0.01,15.22783,302.9387,1.0,21.0,laguardia,40.7769,-73.874
2025-01-15 13:00:00+00:00,-4.2,52.641136,-10.070511,0.0,0.0,0.01,16.733225,301.80933,0.0,3.0,laguardia,40.7769,-73.874
2025-01-15 14:00:00+00:00,-3.2,49.641014,-8.977827,0.0,0.0,0.01,16.189997,298.5595,0.0,9.0,laguardia,40.7769,-73.874
2025-01-15 15:00:00+00:00,-1.95,40.900482,-9.081092,0.0,0.0,0.01,24.921389,324.70276,2.0,53.0,laguardia,40.7769,-73.874
2025-01-15 16:00:00+00:00,-1.35,40.92093,-7.913452,0.0,0.0,0.01,21.265156,313.2851,2.0,61.0,laguardia,40.7769,-73.874
2025-01-15 17:00:00+00:00,-1.0,40.864216,-7.584259,0.0,0.0,0.01,21.540668,311.95154,3.0,100.0,laguardia,40.7769,-73.874
2025-01-15 18:00:00+00:00,-1.2,40.473553,-7.725428,0.0,0.0,0.01,21.004541,313.95847,1.0,32.0,laguardia,40.7769,-73.874
2025-01-15 19:00:00+00:00,-1.25,40.951935,-7.7360163,0.0,0.0,0.01,20.778112,311.83954,3.0,80.0,laguardia,40.7769,-73.874
2025-01-15 20:00:00+00:00,-1.45,41.222237,-7.811703,0.0,0.0,0.01,19.881649,312.06424,2.0,70.0,laguardia,40.7769,-73.874
2025-01-15 21:00:00+00:00,-1.9,42.094666,-8.084135,0.0,0.0,0.01,18.59845,312.64667,0.0,8.0,laguardia,40.7769,-73.874
2025-01-15 22:00:00+00:00,-2.75,46.11194,-8.380909,0.0,0.0,0.01,14.957339,309.62897,0.0,16.0,laguardia,40.7769,-73.874
2025-01-15 23:00:00+00:00,-3.15,48.66678,-8.573184,0.0,0.0,0.01,13.666967,310.192,1.0,42.0,laguardia,40.7769,-73.874
2025-01-16 00:00:00+00:00,-3.25,50.633423,-8.3078785,0.0,0.0,0.01,11.345712,311.78442,3.0,83.0,laguardia,40.7769,-73.874
2025-01-16 01:00:00+00:00,-2.8,51.37724,-8.023636,0.0,0.0,0.01,12.768586,310.426,0.0,5.0,laguardia,40.7769,-73.874
2025-01-16 02:00:00+00:00,-2.95,51.745678,-7.9324226,0.0,0.0,0.01,11.090103,305.75397,0.0,8.0,laguardia,40.7769,-73.874
2025-01-16 03:00:00+00:00,-3.1,51.702274,-7.7876635,0.0,0.0,0.01,8.996398,289.88525,0.0,0.0,laguardia,40.7769,-73.874
2025-01-16 04:00:00+00:00,-3.35,53.30954,-7.7389307,0.0,0.0,0.01,7.02,270.0,1.0,24.0,laguardia,40.7769,-73.874
2025-01-16 05:00:00+00:00,-3.45,55.449894,-7.7405834,0.0,0.0,0.01,6.542201,262.09293,3.0,94.0,laguardia,40.7769,-73.874
2025-01-16 06:00:00+00:00,-3.1,55.32678,-7.4528484,0.0,0.0,0.01,7.120815,249.27435,3.0,87.0,laguardia,40.7769,-73.874
2025-01-16 07:00:00+00:00,-3.15,55.97565,-7.490078,0.0,0.0,0.01,7.0843205,242.78397,0.0,19.0,laguardia,40.7769,-73.874
2025-01-16 08:00:00+00:00,-3.55,60.236687,-8.0629635,0.0,0.0,0.01,8.557102,255.37909,0.0,7.0,laguardia,40.7769,-73.874
2025-01-16 09:00:00+00:00,-3.95,60.8517,-8.652877,0.0,0.0,0.01,9.726665,272.12103,0.0,7.0,laguardia,40.7769,-73.874
2025-01-16 10:00:00+00:00,-4.55,60.939373,-8.900839,0.0,0.0,0.01,7.029225,272.9356,3.0,94.0,laguardia,40.7769,-73.874
2025-01-16 11:00:00+00:00,-5.1,61.77642,-9.271751,0.0,0.0,0.01,5.6262593,262.6477,2.0,79.0,laguardia,40.7769,-73.874
2025-01-16 12:00:00+00:00,-5.65,62.882736,-9.794675,0.0,0.0,0.01,5.2939587,252.18102,1.0,27.0,laguardia,40.7769,-73.874
2025-01-16 13:00:00+00:00,-5.7,59.67563,-10.11286,0.0,0.0,0.01,6.804381,232.52374,2.0,77.0,laguardia,40.7769,-73.874
2025-01-16 14:00:00+00:00,-4.75,51.638927,-9.430618,0.0,0.0,0.01,8.242743,238.39255,1.0,46.0,laguardia,40.7769,-73.874
2025-01-16 15:00:00+00:00,-3.55,45.311924,-8.209609,0.0,0.0,0.01,7.889258,235.22209,1.0,40.0,laguardia,40.7769,-73.874
2025-01-16 16:00:00+00:00,-2.45,40.911453,-7.1624155,0.0,0.0,0.01,8.149847,223.21011,2.0,68.0,laguardia,40.7769,-73.874
2025-01-16 17:00:00+00:00,-1.45,38.1602,-6.4401045,0.0,0.0,0.01,10.075177,221.37842,3.0,89.0,laguardia,40.7769,-73.874
2025-01-16 18:00:00+00:00,-0.8,37.43952,-5.8286924,0.0,0.0,0.01,10.484903,214.50858,3.0,100.0,laguardia,40.7769,-73.874
2025-01-16 19:00:00+00:00,-1.05,41.513084,-6.0486603,0.0,0.0,0.01,10.735306,214.75598,3.0,100.0,laguardia,40.7769,-73.874
2025-01-16 20:00:00+00:00,-1.15,45.493477,-5.970959,0.0,0.0,0.01,10.009036,217.6943,3.0,100.0,laguardia,40.7769,-73.874
2025-01-16 21:00:00+00:00,-1.7,52.311913,-6.3546576,0.1,0.07,0.01,9.504272,217.30403,71.0,100.0,laguardia,40.7769,-73.874
2025-01-16 22:00:00+00:00,-2.2,57.127583,-6.546188,0.1,0.07,0.01,7.7420926,215.53777,71.0,100.0,laguardia,40.7769,-73.874
2025-01-16 23:00:00+00:00,-2.3,58.004997,-6.2298064,0.0,0.0,0.01,4.942631,213.11136,3.0,100.0,laguardia,40.7769,-73.874
2025-01-17 00:00:00+00:00,-2.2,57.352413,-6.0613947,0.0,0.0,0.01,4.4456716,211.75943,3.0,100.0,laguardia,40.7769,-73.874
2025-01-17 01:00:00+00:00,-2.3,68.30077,-6.534297,0.1,0.07,0.01,8.297589,220.60121,71.0,100.0,laguardia,40.7769,-73.874
2025-01-17 02:00:00+00:00,-2.55,73.42298,-6.5989647,0.1,0.07,0.01,7.491114,234.78232,71.0,95.0,laguardia,40.7769,-73.874
2025-01-17 03:00:00+00:00,-2.65,75.398735,-6.7320495,0.0,0.0,0.01,7.889259,242.8504,3.0,100.0,laguardia,40.7769,-73.874
2025-01-17 04:00:00+00:00,-2.8,76.53439,-6.967228,0.0,0.0,0.01,8.507737,263.92764,2.0,51.0,laguardia,40.7769,-73.874
2025-01-17 05:00:00+00:00,-3.35,79.123116,-7.3642626,0.0,0.0,0.01,7.388775,272.79263,3.0,86.0,laguardia,40.7769,-73.874
2025-01-17 06:00:00+00:00,-3.45,79.107544,-7.425894,0.0,0.0,0.01,7.0568266,275.85593,0.0,11.0,laguardia,40.7769,-73.874
2025-01-17 07:00:00+00:00,-4.05,81.168396,-7.9328833,0.0,0.0,0.01,6.2483597,281.6336,0.0,0.0,laguardia,40.7769,-73.874
2025-01-17 08:00:00+00:00,-4.3,79.89312,-8.212326,0.0,0.0,0.01,6.151683,290.55612,0.0,6.0,laguardia,40.7769,-73.874
2025-01-17 09:00:00+00:00,-4.55,79.54752,-8.466107,0.0,0.0,0.01,5.9834766,291.16132,0.0,4.0,laguardia,40.7769,-73.874
2025-01-17 10:00:00+00:00,-4.65,78.91941,-8.725315,0.0,0.0,0.01,6.9480934,286.55716,0.0,0.0,laguardia,40.7769,-73.874
2025-01-17 11:00:00+00:00,-4.5,76.833435,-8.88593,0.0,0.0,0.01,8.953078,300.17343,0.0,0.0,laguardia,40.7769,-73.874
2025-01-17 12:00:00+00:00,-4.35,74.80168,-8.758907,0.0,0.0,0.01,8.9873905,302.7352,0.0,0.0,laguardia,40.7769,-73.874
2025-01-17 13:00:00+00:00,-4.05,69.79834,-8.348852,0.0,0.0,0.01,7.8728137,280.53912,0.0,4.0,laguardia,40.7769,-73.874
2025-01-17 14:00:00+00:00,-2.15,61.071125,-6.4314256,0.0,0.0,0.01,7.814986,262.0566,0.0,3.0,laguardia,40.7769,-73.874
2025-01-17 15:00:00+00:00,0.0,53.415073,-4.1250334,0.0,0.0,0.01,6.924738,261.02747,0.0,3.0,laguardia,40.7769,-73.874
2025-01-17 16:00:00+00:00,1.7,49.511787,-2.4245505,0.0,0.0,0.01,7.293888,254.24875,0.0,1.0,laguardia,40.7769,-73.874
2025-01-17 17:00:00+00:00,3.0,47.096066,-1.063376,0.0,0.0,0.01,7.229191,251.11382,0.0,2.0,laguardia,40.7769,-73.874
2025-01-17 18:00:00+00:00,4.05,47.223663,-0.14660835,0.0,0.0,0.01,8.821836,268.8309,2.0,68.0,laguardia,40.7769,-73.874
2025-01-17 19:00:00+00:00,4.7,46.16817,0.31349707,0.0,0.0,0.01,10.337079,277.00116,3.0,86.0,laguardia,40.7769,-73.874
2025-01-17 20:00:00+00:00,4.75,47.248585,1.0993266,0.0,0.0,0.01,5.5450516,256.86597,3.0,100.0,laguardia,40.7769,-73.874
2025-01-17 21:00:00+00:00,4.0,57.030346,0.59717464,0.0,0.0,0.01,5.2478566,157.8336,3.0,93.0,laguardia,40.7769,-73.874
2025-01-17 22:00:00+00:00,2.7,63.92608,-1.0036521,0.0,0.0,0.01,7.5599995,180.0,2.0,62.0,laguardia,40.7769,-73.874
2025-01-17 23:00:00+00:00,1.6,64.63088,-2.2614322,0.0,0.0,0.01,7.9036193,210.0685,0.0,10.0,laguardia,40.7769,-73.874
2025-01-18 00:00:00+00:00,1.15,62.84105,-2.9289632,0.0,0.0,0.01,8.775807,205.51382,1.0,30.0,laguardia,40.7769,-73.874
2025-01-18 01:00:00+00:00,1.05,62.579266,-2.828609,0.0,0.0,0.01,7.289444,200.22495,0.0,0.0,laguardia,40.7769,-73.874
2025-01-18 02:00:00+00:00,0.95,63.031,-3.2351182,0.0,0.0,0.01,9.391102,192.17145,0.0,1.0,laguardia,40.7769,-73.874
2025-01-18 03:00:00+00:00,0.55,65.86459,-3.571144,0.0,0.0,0.01,9.102021,204.5377,0.0,0.0,laguardia,40.7769,-73.874
2025-01-18 04:00:00+00:00,0.3,65.31013,-4.0485287,0.0,0.0,0.01,10.399576,203.45905,0.0,0.0,laguardia,40.7769,-73.874
2025-01-18 05:00:00+00:00,-0.2,66.19453,-4.5325685,0.0,0.0,0.01,10.070353,208.85556,3.0,100.0,laguardia,40.7769,-73.874
2025-01-18 06:00:00+00:00,-0.5,67.912445,-4.711838,0.0,0.0,0.01,9.278297,198.08354,3.0,100.0,laguardia,40.7769,-73.874
2025-01-18 07:00:00+00:00,-0.45,68.701775,-4.7910404,0.0,0.0,0.01,10.310403,196.22026,3.0,99.0,laguardia,40.7769,-73.874
2025-01-18 08:00:00+00:00,-0.35,68.20373,-4.6815963,0.0,0.0,0.01,10.24578,198.43504,1.0,23.0,laguardia,40.7769,-73.874
2025-01-18 09:00:00+00:00,-0.05,66.987274,-4.5296874,0.0,0.0,0.01,11.298495,202.47948,3.0,86.0,laguardia,40.7769,-73.874
2025-01-18 10:00:00+00:00,0.45,67.607475,-4.0510907,0.0,0.0,0.01,11.897714,197.61267,3.0,100.0,laguardia,40.7769,-73.874
2025-01-18 11:00:00+00:00,0.9,70.295494,-3.4368382,0.0,0.0,0.01,11.525623,194.47034,3.0,100.0,laguardia,40.7769,-73.874
2025-01-18 12:00:00+00:00,1.7,72.58393,-2.5894094,0.0,0.0,0.01,12.224107,193.62701,3.0,100.0,laguardia,40.7769,-73.874
2025-01-18 13:00:00+00:00,3.2,73.136826,-1.0724788,0.0,0.0,0.01,13.556282,190.71307,3.0,100.0,laguardia,40.7769,-73.874
2025-01-18 14:00:00+00:00,4.5,72.32289,0.3392744,0.0,0.0,0.01,13.910169,190.43742,3.0,100.0,laguardia,40.7769,-73.874
2025-01-18 15:00:00+00:00,6.2,69.33565,2.0784702,0.0,0.0,0.01,14.787414,183.48926,3.0,100.0,laguardia,40.7769,-73.874
2025-01-18 16:00:00+00:00,6.85,69.220985,2.6456242,0.0,0.0,0.01,16.04526,176.78458,3.0,100.0,laguardia,40.7769,-73.874
2025-01-18 17:00:00+00:00,7.0,77.31251,3.1921167,0.0,0.0,0.01,15.427586,172.62633,3.0,100.0,laguardia,40.7769,-73.874
2025-01-18 18:00:00+00:00,6.7,82.61549,3.3663573,0.1,0.0,0.01,13.039754,186.3401,51.0,100.0,laguardia,40.7769,-73.874
2025-01-18 19:00:00+00:00,6.3,87.03015,3.4620986,0.7,0.0,0.01,10.120098,185.10208,53.0,100.0,laguardia,40.7769,-73.874
2025-01-18 20:00:00+00:00,5.5,93.27435,3.2856236,0.7,0.0,0.01,6.1226463,155.69547,53.0,100.0,laguardia,40.7769,-73.874
2025-01-18 21:00:00+00:00,5.3,94.909134,3.3988295,0.2,0.0,0.01,4.0449963,159.14546,51.0,100.0,laguardia,40.7769,-73.874
2025-01-18 22:00:00+00:00,4.8,94.55672,2.8545609,1.1,0.0,0.01,3.5864744,162.47433,55.0,100.0,laguardia,40.7769,-73.874
2025-01-18 23:00:00+00:00,4.45,95.88097,2.4079905,0.0,0.0,0.01,4.0449963,159.14546,3.0,100.0,laguardia,40.7769,-73.874
2025-01-19 00:00:00+00:00,4.4,96.21689,1.8703461,0.0,0.0,0.01,7.388775,214.07724,2.0,77.0,laguardia,40.7769,-73.874
2025-01-19 01:00:00+00:00,5.15,96.91361,2.8563786,0.0,0.0,0.01,6.9480934,233.42688,2.0,72.0,laguardia,40.7769,-73.874
2025-01-19 02:00:00+00:00,4.35,97.57668,1.9132123,0.0,0.0,0.01,6.9550843,259.56256,2.0,64.0,laguardia,40.7769,-73.874
2025-01-19 03:00:00+00:00,3.6,97.21816,0.8949251,0.0,0.0,0.01,7.731622,257.90524,0.0,12.0,laguardia,40.7769,-73.874
2025-01-19 04:00:00+00:00,2.6,96.50568,-0.72809076,0.0,0.0,0.01,10.6261,271.94144,1.0,27.0,laguardia,40.7769,-73.874
2025-01-19 05:00:00+00:00,1.95,95.79818,-1.5185924,0.0,0.0,0.01,10.703569,289.6539,0.0,0.0,laguardia,40.7769,-73.874
2025-01-19 06:00:00+00:00,1.35,95.08982,-2.0523806,0.0,0.0,0.01,9.459852,291.19412,0.0,1.0,laguardia,40.7769,-73.874
2025-01-19 07:00:00+00:00,0.9,94.72851,-2.6248255,0.0,0.0,0.01,9.7565975,299.87592,0.0,1.0,laguardia,40.7769,-73.874
2025-01-19 08:00:00+00:00,0.8,93.3598,-2.870741,0.0,0.0,0.01,10.44,313.6029,0.0,2.0,laguardia,40.7769,-73.874
2025-01-19 09:00:00+00:00,0.8,93.02141,-2.8622065,0.0,0.0,0.01,10.32924,318.53238,0.0,0.0,laguardia,40.7769,-73.874
2025-01-19 10:00:00+00:00,0.45,93.34131,-3.1062663,0.0,0.0,0.01,9.292254,315.78473,0.0,0.0,laguardia,40.7769,-73.874
2025-01-19 11:00:00+00:00,0.15,93.3254,-3.3206143,0.0,0.0,0.01,8.400428,315.0001,0.0,16.0,laguardia,40.7769,-73.874
2025-01-19 12:00:00+00:00,-0.2,93.30677,-3.7650013,0.0,0.0,0.01,8.699793,335.55606,2.0,53.0,laguardia,40.7769,-73.874
2025-01-19 13:00:00+00:00,1.6,92.0629,-1.577003,0.0,0.0,0.01,7.69592,349.21573,3.0,100.0,laguardia,40.7769,-73.874
2025-01-19 14:00:00+00:00,2.25,92.10329,-0.44633627,0.0,0.0,0.01,5.12289,18.435053,3.0,100.0,laguardia,40.7769,-73.874
2025-01-19 15:00:00+00:00,2.5,86.65232,-0.9365375,0.0,0.0,0.01,9.531505,10.885482,3.0,100.0,laguardia,40.7769,-73.874
2025-01-19 16:00:00+00:00,2.45,82.06318,-0.89016056,0.0,0.0,0.01,8.019601,9.039405,3.0,100.0,laguardia,40.7769,-73.874
2025-01-19 17:00:00+00:00,2.2,79.670265,-1.4263465,0.1,0.0,0.01,9.321845,10.007925,51.0,100.0,laguardia,40.7769,-73.874
2025-01-19 18:00:00+00:00,1.9,75.912506,-1.656692,0.0,0.0,0.01,7.928178,2.6025116,3.0,100.0,laguardia,40.7769,-73.874
2025-01-19 19:00:00+00:00,1.6,77.84422,-1.8596945,0.2,0.14,0.01,7.3094187,350.07382,71.0,100.0,laguardia,40.7769,-73.874
2025-01-19 20:00:00+00:00,1.1,84.01348,-2.3824048,0.8,0.56,0.01,7.989242,22.520613,73.0,100.0,laguardia,40.7769,-73.874
2025-01-19 21:00:00+00:00,0.75,86.4729,-3.465004,0.5,0.35,0.01,13.060857,7.12493,73.0,100.0,laguardia,40.7769,-73.874
2025-01-19 22:00:00+00:00,0.3,87.38429,-3.9704957,0.3,0.21000001,0.01,13.151091,2.3532507,73.0,100.0,laguardia,40.7769,-73.874
2025-01-19 23:00:00+00:00,-0.65,89.24941,-5.5125437,0.5,0.35,0.02,16.601036,350.63986,73.0,100.0,laguardia,40.7769,-73.874
2025-01-20 00:00:00+00:00,-1.4,88.52554,-6.715276,1.7,1.19,0.03,18.947083,345.69968,75.0,100.0,laguardia,40.7769,-73.874
2025-01-20 01:00:00+00:00,-1.2,88.87271,-6.162795,1.6,1.12,0.04,16.748707,339.22766,75.0,100.0,laguardia,40.7769,-73.874
2025-01-20 02:00:00+00:00,-2.05,86.50211,-7.6740193,1.1,0.77,0.04,20.265795,347.692,73.0,100.0,laguardia,40.7769,-73.874
2025-01-20 03:00:00+00:00,-3.0,82.249886,-8.730113,0.2,0.14,0.05,19.758228,343.0507,71.0,100.0,laguardia,40.7769,-73.874
2025-01-20 04:00:00+00:00,-3.15,80.98696,-8.526554,0.0,0.0,0.05,17.081041,331.00415,3.0,100.0,laguardia,40.7769,-73.874
2025-01-20 05:00:00+00:00,-3.4,81.26072,-8.330261,0.1,0.07,0.05,13.878689,326.1038,71.0,100.0,laguardia,40.7769,-73.874
2025-01-20 06:00:00+00:00,-4.1,79.923325,-8.953636,0.1,0.07,0.05,12.738099,312.70938,71.0,100.0,laguardia,40.7769,-73.874
2025-01-20 07:00:00+00:00,-5.05,77.038414,-10.085989,0.0,0.0,0.05,13.104198,307.18478,3.0,100.0,laguardia,40.7769,-73.874
2025-01-20 08:00:00+00:00,-6.4,71.24947,-12.094874,0.0,0.0,0.05,16.344357,306.4914,1.0,27.0,laguardia,40.7769,-73.874
2025-01-20 09:00:00+00:00,-7.9,66.502975,-13.752813,0.0,0.0,0.05,16.341381,310.53275,0.0,0.0,laguardia,40.7769,-73.874
2025-01-20 10:00:00+00:00,-8.7,64.975876,-14.35788,0.0,0.0,0.05,14.565548,309.98682,0.0,0.0,laguardia,40.7769,-73.874
2025-01-20 11:00:00+00:00,-9.3,64.03577,-14.735138,0.0,0.0,0.05,12.744457,306.38446,0.0,0.0,laguardia,40.7769,-73.874
2025-01-20 12:00:00+00:00,-9.8,63.64835,-15.031696,0.0,0.0,0.05,11.144021,301.1224,0.0,0.0,laguardia,40.7769,-73.874
2025-01-20 13:00:00+00:00,-9.35,66.70696,-14.785576,0.0,0.0,0.05,12.921192,288.68744,0.0,0.0,laguardia,40.7769,-73.874
2025-01-20 14:00:00+00:00,-8.9,66.26855,-14.227579,0.0,0.0,0.05,12.32047,281.8024,0.0,0.0,laguardia,40.7769,-73.874
2025-01-20 15:00:00+00:00,-8.1,65.385826,-12.964186,0.0,0.0,0.05,9.391102,282.17145,0.0,1.0,laguardia,40.7769,-73.874
2025-01-20 16:00:00+00:00,-6.8,63.10243,-11.216495,0.0,0.0,0.05,6.6697226,273.094,0.0,0.0,laguardia,40.7769,-73.874
2025-01-20 17:00:00+00:00,-5.5,56.22553,-10.825425,0.0,0.0,0.05,12.815443,280.52072,2.0,58.0,laguardia,40.7769,-73.874
2025-01-20 18:00:00+00:00,-4.75,58.271828,-10.304888,0.0,0.0,0.05,14.917212,278.32556,3.0,93.0,laguardia,40.7769,-73.874
2025-01-20 19:00:00+00:00,-4.5,56.501373,-9.583904,0.0,0.0,0.05,11.616627,282.5288,3.0,88.0,laguardia,40.7769,-73.874
2025-01-20 20:00:00+00:00,-4.8,53.5399,-9.793894,0.0,0.0,0.05,10.564942,278.8203,2.0,52.0,laguardia,40.7769,-73.874
2025-01-20 21:00:00+00:00,-5.5,55.998684,-10.1435795,0.0,0.0,0.05,8.11798,273.814,1.0,38.0,laguardia,40.7769,-73.874
2025-01-20 22:00:00+00:00,-7.5,62.67252,-11.859295,0.0,0.0,0.05,5.950899,273.46817,2.0,68.0,laguardia,40.7769,-73.874
2025-01-20 23:00:00+00:00,-8.4,67.2004,-12.649256,0.0,0.0,0.05,5.195113,284.03625,2.0,77.0,laguardia,40.7769,-73.874
2025-01-21 00:00:00+00:00,-8.75,69.90434,-12.915423,0.0,0.0,0.05,4.6834598,272.20255,3.0,98.0,laguardia,40.7769,-73.874
2025-01-21 01:00:00+00:00,-7.7,67.08954,-12.4324465,0.0,0.0,0.05,8.790563,259.3804,1.0,46.0,laguardia,40.7769,-73.874
2025-01-21 02:00:00+00:00,-8.8,64.15908,-13.661808,0.0,0.0,0.05,9.007196,272.29056,0.0,2.0,laguardia,40.7769,-73.874
2025-01-21 03:00:00+00:00,-9.9,64.68396,-14.711271,0.0,0.0,0.05,8.297589,273.73132,0.0,0.0,laguardia,40.7769,-73.874
2025-01-21 04:00:00+00:00,-10.75,65.55625,-15.516866,0.0,0.0,0.05,7.7588143,266.00916,0.0,0.0,laguardia,40.7769,-73.874
2025-01-21 05:00:00+00:00,-11.45,65.935486,-16.275225,0.0,0.0,0.05,7.9526596,264.80566,0.0,0.0,laguardia,40.7769,-73.874
2025-01-21 06:00:00+00:00,-11.95,66.36937,-16.875504,0.0,0.0,0.05,8.507737,263.92764,0.0,0.0,laguardia,40.7769,-73.874
2025-01-21 07:00:00+00:00,-12.5,66.51751,-17.338108,0.0,0.0,0.05,7.748368,272.66293,0.0,2.0,laguardia,40.7769,-73.874
2025-01-21 08:00:00+00:00,-13.15,66.643875,-17.904377,0.0,0.0,0.05,6.9899354,281.88864,0.0,18.0,laguardia,40.7769,-73.874
2025-01-21 09:00:00+00:00,-14.05,66.9977,-18.730217,0.0,0.0,0.05,6.2483597,281.6336,1.0,32.0,laguardia,40.7769,-73.874
2025-01-21 10:00:00+00:00,-15.6,68.081245,-20.228638,0.0,0.0,0.05,5.5450516,256.86597,2.0,64.0,laguardia,40.7769,-73.874
2025-01-21 11:00:00+00:00,-15.85,68.31751,-20.53725,0.0,0.0,0.05,5.896202,257.66092,1.0,47.0,laguardia,40.7769,-73.874
2025-01-21 12:00:00+00:00,-15.7,68.6476,-20.426674,0.0,0.0,0.05,6.21717,247.8905,2.0,58.0,laguardia,40.7769,-73.874
2025-01-21 13:00:00+00:00,-14.4,63.559994,-19.187399,0.0,0.0,0.05,6.725354,254.47583,2.0,52.0,laguardia,40.7769,-73.874
2025-01-21 14:00:00+00:00,-13.25,62.506535,-17.967358,0.0,0.0,0.05,6.489992,273.17978,2.0,64.0,laguardia,40.7769,-73.874
2025-01-21 15:00:00+00:00,-11.9,61.02478,-16.59341,0.0,0.0,0.05,6.6185193,292.3802,3.0,86.0,laguardia,40.7769,-73.874
2025-01-21 16:00:00+00:00,-10.55,59.11135,-14.947592,0.0,0.0,0.05,4.8733153,265.76367,3.0,95.0,laguardia,40.7769,-73.874
2025-01-21 17:00:00+00:00,-9.5,57.690334,-13.833769,0.0,0.0,0.05,4.669604,242.44727,3.0,84.0,laguardia,40.7769,-73.874
2025-01-21 18:00:00+00:00,-8.8,55.530144,-13.217791,0.0,0.0,0.05,5.315336,241.69934,3.0,99.0,laguardia,40.7769,-73.874
2025-01-21 19:00:00+00:00,-8.35,53.616764,-12.849617,0.0,0.0,0.05,5.876938,229.9698,3.0,100.0,laguardia,40.7769,-73.874
2025-01-21 20:00:00+00:00,-8.2,51.68763,-12.8799305,0.0,0.0,0.05,7.0107627,228.12221,3.0,100.0,laguardia,40.7769,-73.874
2025-01-21 21:00:00+00:00,-8.45,53.143353,-13.272133,0.0,0.0,0.05,8.019601,225.90929,3.0,100.0,laguardia,40.7769,-73.874
2025-01-21 22:00:00+00:00,-8.75,57.181717,-13.414214,0.0,0.0,0.05,7.145796,229.08571,3.0,100.0,laguardia,40.7769,-73.874
2025-01-21 23:00:00+00:00,-9.0,60.52079,-13.713592,0.1,0.07,0.05,7.6473517,243.43501,71.0,100.0,laguardia,40.7769,-73.874
2025-01-22 00:00:00+00:00,-9.3,64.03577,-14.179852,0.1,0.07,0.05,8.936777,251.20001,71.0,100.0,laguardia,40.7769,-73.874
2025-01-22 01:00:00+00:00,-8.95,61.287376,-13.794493,0.0,0.0,0.05,8.6193495,241.29414,3.0,100.0,laguardia,40.7769,-73.874
2025-01-22 02:00:00+00:00,-9.2,64.58895,-14.134926,0.1,0.07,0.05,9.391102,257.82855,71.0,100.0,laguardia,40.7769,-73.874
2025-01-22 03:00:00+00:00,-9.5,65.31674,-14.495219,0.1,0.07,0.05,9.746631,274.23633,71.0,100.0,laguardia,40.7769,-73.874
2025-01-22 04:00:00+00:00,-9.7,63.673286,-14.835839,0.0,0.0,0.05,10.5234585,282.8477,3.0,95.0,laguardia,40.7769,-73.874
2025-01-22 05:00:00+00:00,-10.6,63.712517,-15.479508,0.0,0.0,0.05,8.461914,299.29126,3.0,97.0,laguardia,40.7769,-73.874
2025-01-22 06:00:00+00:00,-11.25,63.815838,-16.006157,0.0,0.0,0.05,7.4128532,299.0545,0.0,17.0,laguardia,40.7769,-73.874
2025-01-22 07:00:00+00:00,-13.55,65.42681,-18.24538,0.0,0.0,0.05,6.4096174,308.15726,0.0,0.0,laguardia,40.7769,-73.874
2025-01-22 08:00:00+00:00,-15.3,64.4356,-20.006905,0.0,0.0,0.05,5.994297,311.3477,0.0,0.0,laguardia,40.7769,-73.874
2025-01-22 09:00:00+00:00,-15.8,63.476242,-20.515558,0.0,0.0,0.05,5.896202,328.73633,0.0,9.0,laguardia,40.7769,-73.874
2025-01-22 10:00:00+00:00,-16.15,63.110077,-20.92441,0.0,0.0,0.05,6.206738,343.1415,1.0,36.0,laguardia,40.7769,-73.874
2025-01-22 11:00:00+00:00,-16.75,63.23103,-21.509842,0.0,0.0,0.05,5.983477,344.2913,0.0,0.0,laguardia,40.7769,-73.874
2025-01-22 12:00:00+00:00,-16.7,63.800903,-21.45028,0.0,0.0,0.05,5.950899,356.53183,0.0,0.0,laguardia,40.7769,-73.874
2025-01-22 13:00:00+00:00,-15.5,57.487976,-20.159014,0.0,0.0,0.05,5.315336,331.69934,0.0,0.0,laguardia,40.7769,-73.874
2025-01-22 14:00:00+00:00,-12.65,55.12902,-17.560394,0.0,0.0,0.05,7.570707,341.99573,0.0,0.0,laguardia,40.7769,-73.874
2025-01-22 15:00:00+00:00,-11.2,53.918655,-16.400337,0.0,0.0,0.05,9.860649,338.58694,0.0,0.0,laguardia,40.7769,-73.874
2025-01-22 16:00:00+00:00,-9.8,48.670883,-14.69521,0.0,0.0,0.05,7.7983837,341.14676,0.0,0.0,laguardia,40.7769,-73.874
2025-01-22 17:00:00+00:00,-9.0,43.24446,-13.672616,0.0,0.0,0.05,6.0908127,341.02948,0.0,0.0,laguardia,40.7769,-73.874
2025-01-22 18:00:00+00:00,-8.5,40.883602,-12.833371,0.0,0.0,0.05,3.710795,345.9637,0.0,0.0,laguardia,40.7769,-73.874
2025-01-22 19:00:00+00:00,-8.25,39.414352,-12.449797,0.0,0.0,0.05,2.7416782,336.8014,0.0,0.0,laguardia,40.7769,-73.874
2025-01-22 20:00:00+00:00,-8.3,49.33468,-12.097122,0.0,0.0,0.05,0.742159,345.9637,0.0,0.0,laguardia,40.7769,-73.874
2025-01-22 21:00:00+00:00,-9.25,42.430786,-13.089143,0.0,0.0,0.05,0.25455844,224.9999,0.0,2.0,laguardia,40.7769,-73.874
2025-01-22 22:00:00+00:00,-10.75,41.95108,-14.737935,0.0,0.0,0.05,0.9,216.86998,1.0,30.0,laguardia,40.7769,-73.874
2025-01-22 23:00:00+00:00,-11.4,45.34625,-15.446291,0.0,0.0,0.05,1.3708391,203.19862,3.0,98.0,laguardia,40.7769,-73.874
2025-01-23 00:00:00+00:00,-12.0,49.042427,-16.093891,0.0,0.0,0.05,1.781909,224.9999,3.0,100.0,laguardia,40.7769,-73.874
2025-01-23 01:00:00+00:00,-10.15,49.609097,-14.23151,0.0,0.0,0.05,2.1897945,189.46225,3.0,100.0,laguardia,40.7769,-73.874
2025-01-23 02:00:00+00:00,-10.1,47.961113,-14.0339985,0.0,0.0,0.05,1.08,180.0,3.0,88.0,laguardia,40.7769,-73.874
2025-01-23 03:00:00+00:00,-11.3,46.774185,-15.296337,0.0,0.0,0.05,1.1384199,198.43504,0.0,19.0,laguardia,40.7769,-73.874
2025-01-23 04:00:00+00:00,-12.0,48.619694,-16.158035,0.0,0.0,0.05,2.19718,235.0079,2.0,65.0,laguardia,40.7769,-73.874
2025-01-23 05:00:00+00:00,-12.2,47.929443,-16.297615,0.0,0.0,0.05,1.6981165,212.00534,1.0,46.0,laguardia,40.7769,-73.874
2025-01-23 06:00:00+00:00,-12.7,48.8261,-16.842585,0.0,0.0,0.05,1.9469976,236.3099,0.0,15.0,laguardia,40.7769,-73.874
2025-01-23 07:00:00+00:00,-13.0,50.902813,-17.239397,0.0,0.0,0.05,2.657668,241.69934,3.0,95.0,laguardia,40.7769,-73.874
2025-01-23 08:00:00+00:00,-12.8,52.532543,-17.008184,0.0,0.0,0.05,2.5772078,257.90524,3.0,100.0,laguardia,40.7769,-73.874
2025-01-23 09:00:00+00:00,-12.45,53.782646,-16.654724,0.0,0.0,0.05,2.7059932,273.814,3.0,100.0,laguardia,40.7769,-73.874
2025-01-23 10:00:00+00:00,-10.9,55.16322,-14.921684,0.0,0.0,0.05,1.9386592,291.80148,3.0,100.0,laguardia,40.7769,-73.874
2025-01-23 11:00:00+00:00,-10.5,52.764713,-14.319602,0.0,0.0,0.05,0.5091169,315.0001,3.0,100.0,laguardia,40.7769,-73.874
2025-01-23 12:00:00+00:00,-11.0,55.36862,-14.799836,0.0,0.0,0.05,0.40249225,153.43501,3.0,99.0,laguardia,40.7769,-73.874
2025-01-23 13:00:00+00:00,-11.55,58.590675,-15.426087,0.0,0.0,0.05,0.9693296,158.19853,3.0,82.0,laguardia,40.7769,-73.874
2025-01-23 14:00:00+00:00,-9.45,53.972027,-13.270321,0.0,0.0,0.05,0.9,216.86998,3.0,89.0,laguardia,40.7769,-73.874
2025-01-23 15:00:00+00:00,-7.65,44.4143,-11.734276,0.0,0.0,0.05,2.5071096,248.96242,3.0,95.0,laguardia,40.7769,-73.874
2025-01-23 16:00:00+00:00,-6.4,48.283634,-10.472322,0.0,0.0,0.05,3.143565,246.3706,3.0,99.0,laguardia,40.7769,-73.874
2025-01-23 17:00:00+00:00,-5.4,52.72137,-9.504596,0.0,0.0,0.05,4.143911,214.3804,3.0,100.0,laguardia,40.7769,-73.874
2025-01-23 18:00:00+00:00,-4.25,56.34421,-8.566862,0.0,0.0,0.05,6.452441,210.1413,0.0,0.0,laguardia,40.7769,-73.874
2025-01-23 19:00:00+00:00,-3.6,56.522537,-7.7810497,0.0,0.0,0.05,5.8409934,213.6901,0.0,1.0,laguardia,40.7769,-73.874
2025-01-23 20:00:00+00:00,-3.55,53.6803,-7.8903103,0.0,0.0,0.05,6.638072,229.39879,0.0,0.0,laguardia,40.7769,-73.874
2025-01-23 21:00:00+00:00,-4.3,54.552517,-8.4328985,0.0,0.0,0.05,4.9785542,257.4712,0.0,0.0,laguardia,40.7769,-73.874
2025-01-23 22:00:00+00:00,-6.85,53.16795,-11.278398,0.0,0.0,0.05,5.8631387,252.1212,0.0,0.0,laguardia,40.7769,-73.874
2025-01-23 23:00:00+00:00,-7.85,52.4405,-12.407031,0.0,0.0,0.05,6.341009,235.40765,0.0,0.0,laguardia,40.7769,-73.874
2025-01-24 00:00:00+00:00,-7.65,52.281883,-12.2843895,0.0,0.0,0.05,6.9247384,242.10283,0.0,0.0,laguardia,40.7769,-73.874
2025-01-24 01:00:00+00:00,-6.5,52.834007,-11.304131,0.0,0.0,0.05,8.536252,245.05612,0.0,0.0,laguardia,40.7769,-73.874
2025-01-24 02:00:00+00:00,-7.05,58.836998,-11.817461,0.0,0.0,0.05,8.604301,254.21918,0.0,1.0,laguardia,40.7769,-73.874
2025-01-24 03:00:00+00:00,-7.35,62.965096,-12.064716,0.0,0.0,0.05,8.473393,257.73523,0.0,0.0,laguardia,40.7769,-73.874
2025-01-24 04:00:00+00:00,-7.65,64.44059,-12.328844,0.0,0.0,0.05,8.227004,259.91946,0.0,1.0,laguardia,40.7769,-73.874
2025-01-24 05:00:00+00:00,-7.75,64.67809,-12.488379,0.0,0.0,0.05,8.613709,259.15973,0.0,1.0,laguardia,40.7769,-73.874
2025-01-24 06:00:00+00:00,-7.65,64.17979,-12.564683,0.0,0.0,0.05,9.82279,256.21838,0.0,0.0,laguardia,40.7769,-73.874
2025-01-24 07:00:00+00:00,-8.0,66.479645,-12.675783,0.0,0.0,0.05,8.227004,259.91946,0.0,0.0,laguardia,40.7769,-73.874
2025-01-24 08:00:00+00:00,-8.75,69.3393,-13.248481,0.0,0.0,0.05,6.924738,261.02747,0.0,0.0,laguardia,40.7769,-73.874
2025-01-24 09:00:00+00:00,-9.3,72.09413,-13.76591,0.0,0.0,0.05,6.6794305,255.96373,0.0,0.0,laguardia,40.7769,-73.874
2025-01-24 10:00:00+00:00,-9.4,74.45189,-13.887454,0.0,0.0,0.05,6.9550843,259.56256,0.0,0.0,laguardia,40.7769,-73.874
2025-01-24 11:00:00+00:00,-9.35,76.29013,-13.824938,0.0,0.0,0.05,7.0223074,268.53122,0.0,0.0,laguardia,40.7769,-73.874
2025-01-24 12:00:00+00:00,-10.0,78.367355,-14.442823,0.0,0.0,0.05,6.6697226,266.906,0.0,0.0,laguardia,40.7769,-73.874
2025-01-24 13:00:00+00:00,-8.25,68.88908,-13.133113,0.0,0.0,0.05,9.734988,273.17978,0.0,0.0,laguardia,40.7769,-73.874
2025-01-24 14:00:00+00:00,-6.65,67.59985,-11.156314,0.0,0.0,0.05,7.748368,272.66293,0.0,0.0,laguardia,40.7769,-73.874
2025-01-24 15:00:00+00:00,-4.75,63.35671,-9.103497,0.0,0.0,0.05,7.2,270.0,0.0,0.0,laguardia,40.7769,-73.874
2025-01-24 16:00:00+00:00,-3.05,60.12877,-7.58716,0.0,0.0,0.05,8.967541,259.59235,0.0,0.0,laguardia,40.7769,-73.874
2025-01-24 17:00:00+00:00,-2.1,55.384686,-6.944393,0.0,0.0,0.05,10.993271,272.8155,0.0,0.0,laguardia,40.7769,-73.874
2025-01-24 18:00:00+00:00,-1.45,50.955486,-6.2077456,0.0,0.0,0.05,10.158444,277.1249,0.0,0.0,laguardia,40.7769,-73.874
2025-01-24 19:00:00+00:00,-1.0,48.914608,-5.8335514,0.0,0.0,0.05,10.6261,280.73883,0.0,0.0,laguardia,40.7769,-73.874
2025-01-24 20:00:00+00:00,-0.9,46.85612,-5.44816,0.0,0.0,0.05,8.43699,281.07016,0.0,0.0,laguardia,40.7769,-73.874
2025-01-24 21:00:00+00:00,-2.1,51.784954,-6.0938025,0.0,0.0,0.05,4.7110505,276.58185,0.0,0.0,laguardia,40.7769,-73.874
2025-01-24 22:00:00+00:00,-4.25,49.530067,-8.081814,0.0,0.0,0.05,2.4014995,257.00537,0.0,0.0,laguardia,40.7769,-73.874
2025-01-24 23:00:00+00:00,-5.3,53.613865,-9.201764,0.0,0.0,0.05,2.8799999,270.0,0.0,3.0,laguardia,40.7769,-73.874
2025-01-25 00:00:00+00:00,-6.25,56.93551,-10.242729,0.0,0.0,0.05,3.438895,276.0089,3.0,84.0,laguardia,40.7769,-73.874
2025-01-25 01:00:00+00:00,-5.5,58.775654,-9.631208,0.0,0.0,0.05,4.8733153,265.76367,3.0,92.0,laguardia,40.7769,-73.874
2025-01-25 02:00:00+00:00,-6.3,59.277008,-10.238449,0.0,0.0,0.05,3.2599385,263.6599,2.0,54.0,laguardia,40.7769,-73.874
2025-01-25 03:00:00+00:00,-7.6,63.158504,-11.8079605,0.0,0.0,0.05,4.913044,261.57312,1.0,26.0,laguardia,40.7769,-73.874
2025-01-25 04:00:00+00:00,-8.05,65.13265,-11.901678,0.0,0.0,0.05,2.4482646,287.1028,0.0,6.0,laguardia,40.7769,-73.874
2025-01-25 05:00:00+00:00,-8.85,67.3707,-12.700122,0.0,0.0,0.05,2.2910259,315.0001,0.0,1.0,laguardia,40.7769,-73.874
2025-01-25 06:00:00+00:00,-9.3,68.65593,-13.033003,0.0,0.0,0.05,1.4058449,320.1945,0.0,0.0,laguardia,40.7769,-73.874
2025-01-25 07:00:00+00:00,-10.05,71.64725,-13.757929,0.0,0.0,0.05,1.1525624,308.65982,0.0,0.0,laguardia,40.7769,-73.874
2025-01-25 08:00:00+00:00,-10.95,75.38266,-14.742135,0.0,0.0,0.05,1.6299692,276.3401,0.0,4.0,laguardia,40.7769,-73.874
2025-01-25 09:00:00+00:00,-11.6,79.06836,-15.482118,0.0,0.0,0.05,2.226477,255.96373,0.0,6.0,laguardia,40.7769,-73.874
2025-01-25 10:00:00+00:00,-12.0,80.97589,-15.837232,0.0,0.0,0.05,1.8792552,286.6993,0.0,5.0,laguardia,40.7769,-73.874
2025-01-25 11:00:00+00:00,-12.2,81.61416,-16.058777,0.0,0.0,0.05,1.9881649,264.80566,0.0,1.0,laguardia,40.7769,-73.874
2025-01-25 12:00:00+00:00,-12.6,83.59587,-16.516766,0.0,0.0,0.05,2.3469126,265.60138,0.0,4.0,laguardia,40.7769,-73.874
2025-01-25 13:00:00+00:00,-11.45,73.75432,-15.707104,0.0,0.0,0.05,4.5322843,276.84268,0.0,0.0,laguardia,40.7769,-73.874
2025-01-25 14:00:00+00:00,-8.6,69.09136,-12.746466,0.0,0.0,0.05,4.5536795,251.56496,0.0,0.0,laguardia,40.7769,-73.874
2025-01-25 15:00:00+00:00,-6.15,62.757996,-10.32251,0.0,0.0,0.05,5.2478566,247.8336,0.0,4.0,laguardia,40.7769,-73.874
2025-01-25 16:00:00+00:00,-4.55,59.26413,-8.816896,0.0,0.0,0.05,6.279395,242.7005,0.0,7.0,laguardia,40.7769,-73.874
2025-01-25 17:00:00+00:00,-3.55,54.111122,-8.159807,0.0,0.0,0.05,8.534353,242.35411,0.0,9.0,laguardia,40.7769,-73.874
2025-01-25 18:00:00+00:00,-2.9,51.14335,-7.799398,0.0,0.0,0.04,10.472535,241.23244,2.0,64.0,laguardia,40.7769,-73.874
2025-01-25 19:00:00+00:00,-2.45,51.890038,-7.46825,0.0,0.0,0.04,11.583109,237.05078,1.0,41.0,laguardia,40.7769,-73.874
2025-01-25 20:00:00+00:00,-2.2,51.962017,-7.154455,0.0,0.0,0.04,11.272657,231.48305,1.0,48.0,laguardia,40.7769,-73.874
2025-01-25 21:00:00+00:00,-2.4,54.219402,-7.005264,0.0,0.0,0.04,9.059205,229.02835,2.0,65.0,laguardia,40.7769,-73.874
2025-01-25 22:00:00+00:00,-3.3,57.28188,-7.7353745,0.0,0.0,0.04,7.8149853,218.45374,3.0,87.0,laguardia,40.7769,-73.874
2025-01-25 23:00:00+00:00,-3.2,58.453426,-7.9447193,0.0,0.0,0.04,10.120099,218.50067,2.0,51.0,laguardia,40.7769,-73.874
2025-01-26 00:00:00+00:00,-3.4,60.038147,-8.260405,0.0,0.0,0.04,10.993271,219.68541,2.0,74.0,laguardia,40.7769,-73.874
2025-01-26 01:00:00+00:00,-2.85,54.524235,-7.6867485,0.0,0.0,0.04,10.464797,220.81499,1.0,24.0,laguardia,40.7769,-73.874
2025-01-26 02:00:00+00:00,-3.2,58.453426,-7.9752192,0.0,0.0,0.04,10.32924,221.4676,2.0,69.0,laguardia,40.7769,-73.874
2025-01-26 03:00:00+00:00,-3.65,62.141617,-8.2250805,0.0,0.0,0.04,9.144637,216.1933,2.0,73.0,laguardia,40.7769,-73.874
2025-01-26 04:00:00+00:00,-4.0,64.29552,-8.422104,0.0,0.0,0.04,8.149847,210.52963,3.0,92.0,laguardia,40.7769,-73.874
2025-01-26 05:00:00+00:00,-4.65,66.72217,-8.859425,0.0,0.0,0.04,6.6087217,209.35765,3.0,99.0,laguardia,40.7769,-73.874
2025-01-26 06:00:00+00:00,-4.95,68.51946,-9.043564,0.0,0.0,0.04,5.8409934,213.6901,3.0,100.0,laguardia,40.7769,-73.874
2025-01-26 07:00:00+00:00,-3.25,68.357254,-7.397023,0.0,0.0,0.04,7.1321807,222.95459,3.0,100.0,laguardia,40.7769,-73.874
2025-01-26 08:00:00+00:00,-3.5,70.459625,-7.80364,0.0,0.0,0.04,8.297589,220.60121,3.0,100.0,laguardia,40.7769,-73.874
2025-01-26 09:00:00+00:00,-2.9,71.13092,-7.5322633,0.0,0.0,0.04,10.993271,219.68541,3.0,100.0,laguardia,40.7769,-73.874
2025-01-26 10:00:00+00:00,-2.15,70.73859,-6.880336,0.0,0.0,0.04,12.096214,233.47105,3.0,100.0,laguardia,40.7769,-73.874
2025-01-26 11:00:00+00:00,-1.8,70.2705,-6.5730743,0.0,0.0,0.04,12.56008,244.5367,3.0,100.0,laguardia,40.7769,-73.874
2025-01-26 12:00:00+00:00,-1.55,70.591415,-6.2798204,0.0,0.0,0.04,12.472065,249.73422,3.0,100.0,laguardia,40.7769,-73.874
2025-01-26 13:00:00+00:00,-1.45,65.90846,-6.078414,0.0,0.0,0.04,11.230904,248.36905,3.0,82.0,laguardia,40.7769,-73.874
2025-01-26 14:00:00+00:00,-0.5,63.89098,-5.113119,0.0,0.0,0.04,11.465024,247.86446,2.0,75.0,laguardia,40.7769,-73.874
2025-01-26 15:00:00+00:00,1.2,62.853157,-2.8116603,0.0,0.0,0.04,8.3520775,232.88306,3.0,100.0,laguardia,40.7769,-73.874
2025-01-26 16:00:00+00:00,3.15,58.1026,-1.1811197,0.0,0.0,0.04,11.165805,249.22766,3.0,98.0,laguardia,40.7769,-73.874
2025-01-26 17:00:00+00:00,3.75,53.435642,-1.3570406,0.0,0.0,0.04,16.056362,273.85672,3.0,95.0,laguardia,40.7769,-73.874
2025-01-26 18:00:00+00:00,4.0,52.703773,-0.76328826,0.0,0.0,0.04,13.737904,275.2623,3.0,98.0,laguardia,40.7769,-73.874
2025-01-26 19:00:00+00:00,4.1,51.550625,-0.6333456,0.0,0.0,0.04,13.379461,280.85635,3.0,98.0,laguardia,40.7769,-73.874
2025-01-26 20:00:00+00:00,3.8,53.2481,-0.75856996,0.0,0.0,0.04,12.295462,287.90454,3.0,96.0,laguardia,40.7769,-73.874
2025-01-26 21:00:00+00:00,2.9,55.46695,-1.6411033,0.0,0.0,0.04,11.9466305,300.81564,3.0,90.0,laguardia,40.7769,-73.874
2025-01-26 22:00:00+00:00,1.1,60.260124,-3.0887823,0.0,0.0,0.04,9.085988,303.6901,2.0,64.0,laguardia,40.7769,-73.874
2025-01-26 23:00:00+00:00,-0.9,66.5418,-4.802662,0.0,0.0,0.04,6.696387,306.25394,3.0,81.0,laguardia,40.7769,-73.874
2025-01-27 00:00:00+00:00,-2.9,69.233246,-6.8251114,0.0,0.0,0.04,5.920878,289.53674,2.0,56.0,laguardia,40.7769,-73.874
2025-01-27 01:00:00+00:00,-2.9,67.64268,-6.669935,0.0,0.0,0.04,4.669604,297.55273,3.0,84.0,laguardia,40.7769,-73.874
2025-01-27 02:00:00+00:00,-3.25,66.26175,-6.8503914,0.0,0.0,0.04,3.143565,256.75946,3.0,92.0,laguardia,40.7769,-73.874
2025-01-27 03:00:00+00:00,-4.2,68.683784,-8.237479,0.0,0.0,0.04,5.876938,229.9698,1.0,33.0,laguardia,40.7769,-73.874
2025-01-27 04:00:00+00:00,-4.3,67.0651,-8.382896,0.0,0.0,0.04,5.9617786,241.11351,2.0,75.0,laguardia,40.7769,-73.874
2025-01-27 05:00:00+00:00,-3.8,65.87629,-7.9209127,0.0,0.0,0.04,6.3639607,241.2603,3.0,99.0,laguardia,40.7769,-73.874
2025-01-27 06:00:00+00:00,-3.8,65.6186,-7.9081893,0.0,0.0,0.04,6.248359,228.50363,3.0,96.0,laguardia,40.7769,-73.874
2025-01-27 07:00:00+00:00,-3.5,65.94596,-7.8742995,0.0,0.0,0.04,8.274128,225.8813,3.0,98.0,laguardia,40.7769,-73.874
2025-01-27 08:00:00+00:00,-3.15,68.11419,-7.761533,0.0,0.0,0.04,10.348043,229.93927,3.0,99.0,laguardia,40.7769,-73.874
2025-01-27 09:00:00+00:00,-3.1,68.92269,-7.6339483,0.0,0.0,0.04,9.939196,234.58286,3.0,99.0,laguardia,40.7769,-73.874
2025-01-27 10:00:00+00:00,-3.1,68.92269,-7.7943163,0.0,0.0,0.04,11.038858,245.94266,1.0,39.0,laguardia,40.7769,-73.874
2025-01-27 11:00:00+00:00,-3.65,69.88303,-8.395889,0.0,0.0,0.04,11.177405,255.06853,0.0,0.0,laguardia,40.7769,-73.874
2025-01-27 12:00:00+00:00,-4.45,71.36821,-9.004576,0.0,0.0,0.04,9.56713,258.05585,0.0,0.0,laguardia,40.7769,-73.874
2025-01-27 13:00:00+00:00,-3.45,63.42508,-7.6842484,0.0,0.0,0.04,7.0568266,275.85593,0.0,0.0,laguardia,40.7769,-73.874
2025-01-27 14:00:00+00:00,-2.15,59.890972,-6.104584,0.0,0.0,0.04,5.426933,264.2895,0.0,0.0,laguardia,40.7769,-73.874
2025-01-27 15:00:00+00:00,-0.75,55.973038,-5.0599976,0.0,0.0,0.04,8.131936,242.30061,0.0,0.0,laguardia,40.7769,-73.874
2025-01-27 16:00:00+00:00,0.45,51.703205,-4.1794395,0.0,0.0,0.04,10.383987,236.3099,0.0,0.0,laguardia,40.7769,-73.874
2025-01-27 17:00:00+00:00,1.1,51.091167,-4.0715504,0.0,0.0,0.04,14.378608,235.71307,0.0,0.0,laguardia,40.7769,-73.874
2025-01-27 18:00:00+00:00,1.7,51.46058,-3.5861576,0.0,0.0,0.04,15.580141,229.68597,0.0,0.0,laguardia,40.7769,-73.874
2025-01-27 19:00:00+00:00,1.95,50.94044,-3.3066158,0.0,0.0,0.04,15.443328,229.25392,0.0,0.0,laguardia,40.7769,-73.874
2025-01-27 20:00:00+00:00,1.9,53.32833,-3.1118155,0.0,0.0,0.04,14.133152,226.5481,0.0,0.0,laguardia,40.7769,-73.874
2025-01-27 21:00:00+00:00,1.45,52.592037,-3.5858464,0.0,0.0,0.04,13.896187,233.42688,0.0,0.0,laguardia,40.7769,-73.874
2025-01-27 22:00:00+00:00,0.4,52.70309,-4.7105627,0.0,0.0,0.04,13.8049555,230.29013,0.0,0.0,laguardia,40.7769,-73.874
2025-01-27 23:00:00+00:00,-0.25,52.314457,-5.4993773,0.0,0.0,0.03,14.336861,231.1155,0.0,0.0,laguardia,40.7769,-73.874
2025-01-28 00:00:00+00:00,-0.55,53.468903,-5.921274,0.0,0.0,0.03,15.172409,228.36656,0.0,0.0,laguardia,40.7769,-73.874
2025-01-28 01:00:00+00:00,0.2,48.500523,-5.309292,0.0,0.0,0.03,15.804164,217.13101,1.0,20.0,laguardia,40.7769,-73.874
2025-01-28 02:00:00+00:00,0.55,51.53109,-5.2399735,0.0,0.0,0.03,18.372349,221.0274,0.0,12.0,laguardia,40.7769,-73.874
2025-01-28 03:00:00+00:00,0.9,54.922173,-4.853981,0.0,0.0,0.03,18.852798,227.32155,0.0,9.0,laguardia,40.7769,-73.874
2025-01-28 04:00:00+00:00,0.85,57.49848,-4.847623,0.0,0.0,0.03,18.834743,231.5967,3.0,83.0,laguardia,40.7769,-73.874
2025-01-28 05:00:00+00:00,0.9,55.773594,-4.7429185,0.0,0.0,0.03,18.22361,237.09476,3.0,91.0,laguardia,40.7769,-73.874
2025-01-28 06:00:00+00:00,1.15,49.736908,-4.5477967,0.0,0.0,0.03,17.801807,245.5081,3.0,97.0,laguardia,40.7769,-73.874
2025-01-28 07:00:00+00:00,1.15,48.21284,-4.5031924,0.0,0.0,0.03,17.254667,249.86362,3.0,99.0,laguardia,40.7769,-73.874
2025-01-28 08:00:00+00:00,0.7,49.994247,-4.956155,0.0,0.0,0.03,17.304358,251.18802,3.0,100.0,laguardia,40.7769,-73.874
2025-01-28 09:00:00+00:00,0.55,51.731735,-5.081699,0.0,0.0,0.03,17.31746,249.30446,3.0,100.0,laguardia,40.7769,-73.874
2025-01-28 10:00:00+00:00,0.75,48.4725,-5.2086596,0.0,0.0,0.03,19.172323,257.52954,0.0,11.0,laguardia,40.7769,-73.874
2025-01-28 11:00:00+00:00,0.25,53.071507,-5.8514585,0.0,0.0,0.03,20.568888,261.44452,1.0,40.0,laguardia,40.7769,-73.874
2025-01-28 12:00:00+00:00,0.2,56.44844,-5.813347,0.0,0.0,0.03,20.435352,252.04373,3.0,100.0,laguardia,40.7769,-73.874
2025-01-28 13:00:00+00:00,2.2,48.520576,-3.5900009,0.0,0.0,0.03,18.841623,251.04567,1.0,23.0,laguardia,40.7769,-73.874
2025-01-28 14:00:00+00:00,3.1,49.15792,-2.6440148,0.0,0.0,0.03,19.189215,253.09476,3.0,100.0,laguardia,40.7769,-73.874
2025-01-28 15:00:00+00:00,3.8,51.46602,-1.6927936,0.0,0.0,0.03,18.360882,270.5617,0.0,18.0,laguardia,40.7769,-73.874
2025-01-28 16:00:00+00:00,4.25,47.825672,-2.109152,0.0,0.0,0.03,23.899364,292.12198,1.0,23.0,laguardia,40.7769,-73.874
2025-01-28 17:00:00+00:00,3.5,50.22186,-2.7606068,0.0,0.0,0.03,23.187185,312.48306,3.0,100.0,laguardia,40.7769,-73.874
2025-01-28 18:00:00+00:00,1.25,48.808678,-4.755477,0.0,0.0,0.03,19.820442,309.47244,0.0,8.0,laguardia,40.7769,-73.874
2025-01-28 19:00:00+00:00,1.15,47.65213,-4.441223,0.0,0.0,0.03,16.740969,306.25394,1.0,22.0,laguardia,40.7769,-73.874
2025-01-28 20:00:00+00:00,0.5,47.45972,-4.697576,0.0,0.0,0.03,13.666967,310.192,1.0,30.0,laguardia,40.7769,-73.874
2025-01-28 21:00:00+00:00,-0.15,47.266514,-4.921027,0.0,0.0,0.03,10.383987,303.6901,2.0,67.0,laguardia,40.7769,-73.874
2025-01-28 22:00:00+00:00,-1.65,59.554626,-5.404779,0.0,0.0,0.03,4.293669,326.97614,3.0,100.0,laguardia,40.7769,-73.874
2025-01-28 23:00:00+00:00,-2.45,61.955235,-6.2353106,0.0,0.0,0.03,4.353619,7.12493,3.0,94.0,laguardia,40.7769,-73.874
2025-01-29 00:00:00+00:00,-3.0,66.3192,-6.5570035,0.0,0.0,0.03,2.995797,57.264786,3.0,89.0,laguardia,40.7769,-73.874
2025-01-29 01:00:00+00:00,-1.9,61.13443,-5.717382,0.0,0.0,0.03,4.7827187,109.798965,3.0,84.0,laguardia,40.7769,-73.874
2025-01-29 02:00:00+00:00,-1.75,51.07046,-6.174488,0.0,0.0,0.03,7.7420926,125.537766,1.0,35.0,laguardia,40.7769,-73.874
2025-01-29 03:00:00+00:00,-1.15,54.142685,-5.645895,0.0,0.0,0.03,8.93859,154.98314,2.0,76.0,laguardia,40.7769,-73.874
2025-01-29 04:00:00+00:00,0.2,62.609943,-4.1037054,0.0,0.0,0.03,9.6228485,172.47627,3.0,80.0,laguardia,40.7769,-73.874
2025-01-29 05:00:00+00:00,1.35,61.478054,-3.3589802,0.0,0.0,0.03,13.021106,185.55287,2.0,61.0,laguardia,40.7769,-73.874
2025-01-29 06:00:00+00:00,1.6,61.773033,-3.2864633,0.0,0.0,0.03,14.465102,196.63103,3.0,93.0,laguardia,40.7769,-73.874
2025-01-29 07:00:00+00:00,1.8,58.1898,-3.1701016,0.0,0.0,0.03,14.589996,218.991,3.0,100.0,laguardia,40.7769,-73.874
2025-01-29 08:00:00+00:00,2.65,56.03283,-2.6570694,0.0,0.0,0.03,17.123669,236.14285,2.0,77.0,laguardia,40.7769,-73.874
2025-01-29 09:00:00+00:00,2.55,56.646145,-3.0030327,0.0,0.0,0.03,18.847641,241.47697,0.0,15.0,laguardia,40.7769,-73.874
2025-01-29 10:00:00+00:00,2.75,56.69939,-2.689958,0.0,0.0,0.03,18.22361,237.09476,0.0,10.0,laguardia,40.7769,-73.874
2025-01-29 11:00:00+00:00,2.9,57.601833,-2.5295258,0.0,0.0,0.03,18.42166,236.15462,0.0,6.0,laguardia,40.7769,-73.874
2025-01-29 12:00:00+00:00,2.85,59.126568,-2.5087006,0.0,0.0,0.03,18.171976,236.3099,0.0,0.0,laguardia,40.7769,-73.874
2025-01-29 13:00:00+00:00,2.9,52.998142,-2.189778,0.0,0.0,0.03,15.266079,232.1842,2.0,75.0,laguardia,40.7769,-73.874
2025-01-29 14:00:00+00:00,4.7,48.321598,-0.51087236,0.0,0.0,0.03,16.42839,237.52882,3.0,91.0,laguardia,40.7769,-73.874
2025-01-29 15:00:00+00:00,6.15,47.83494,1.4005532,0.0,0.0,0.03,14.197196,230.6595,0.0,8.0,laguardia,40.7769,-73.874
2025-01-29 16:00:00+00:00,7.6,49.518745,2.8243842,0.0,0.0,0.03,15.922626,222.70937,1.0,24.0,laguardia,40.7769,-73.874
2025-01-29 17:00:00+00:00,8.65,48.73094,3.3658323,0.0,0.0,0.03,20.110117,224.9999,1.0,23.0,laguardia,40.7769,-73.874
2025-01-29 18:00:00+00:00,9.0,46.898098,3.4550414,0.0,0.0,0.02,21.708477,254.11978,2.0,72.0,laguardia,40.7769,-73.874
2025-01-29 19:00:00+00:00,8.9,51.176888,4.045351,0.1,0.0,0.02,18.051228,260.81952,51.0,12.0,laguardia,40.7769,-73.874
2025-01-29 20:00:00+00:00,8.6,46.782738,3.0583415,0.0,0.0,0.02,21.313093,285.6796,1.0,32.0,laguardia,40.7769,-73.874
2025-01-29 21:00:00+00:00,7.4,48.73444,1.9333334,0.0,0.0,0.02,20.301735,280.2139,0.0,4.0,laguardia,40.7769,-73.874
2025-01-29 22:00:00+00:00,5.9,43.4567,-0.05286503,0.0,0.0,0.02,21.295605,292.88068,0.0,0.0,laguardia,40.7769,-73.874
2025-01-29 23:00:00+00:00,3.85,44.87111,-1.9620621,0.0,0.0,0.02,19.319628,296.56497,0.0,0.0,laguardia,40.7769,-73.874
2025-01-30 00:00:00+00:00,2.55,47.878876,-3.037496,0.0,0.0,0.02,17.54977,291.03757,0.0,11.0,laguardia,40.7769,-73.874
2025-01-30 01:00:00+00:00,2.5,55.14879,-2.4727423,0.0,0.0,0.02,14.572221,295.61545,2.0,69.0,laguardia,40.7769,-73.874
2025-01-30 02:00:00+00:00,1.85,55.39302,-3.6920311,0.0,0.0,0.02,18.080818,313.3865,1.0,41.0,laguardia,40.7769,-73.874
2025-01-30 03:00:00+00:00,0.4,64.349205,-4.8331103,0.0,0.0,0.02,16.391863,301.0716,3.0,93.0,laguardia,40.7769,-73.874
2025-01-30 04:00:00+00:00,-0.75,65.31546,-5.576347,0.0,0.0,0.02,12.961249,322.3343,0.0,1.0,laguardia,40.7769,-73.874
2025-01-30 05:00:00+00:00,-2.3,63.704414,-7.3756456,0.0,0.0,0.02,13.5012,312.8389,0.0,16.0,laguardia,40.7769,-73.874
2025-01-30 06:00:00+00:00,-3.25,61.030613,-8.578939,0.0,0.0,0.02,14.396625,312.4664,0.0,12.0,laguardia,40.7769,-73.874
2025-01-30 07:00:00+00:00,-4.2,57.955227,-9.851821,0.0,0.0,0.02,15.801087,312.22974,1.0,24.0,laguardia,40.7769,-73.874
2025-01-30 08:00:00+00:00,-4.65,54.23487,-10.3357725,0.0,0.0,0.02,15.443328,310.74606,0.0,0.0,laguardia,40.7769,-73.874
2025-01-30 09:00:00+00:00,-5.15,52.79358,-10.793104,0.0,0.0,0.02,14.799459,318.94528,1.0,21.0,laguardia,40.7769,-73.874
2025-01-30 10:00:00+00:00,-5.75,51.97963,-11.099684,0.0,0.0,0.02,12.475961,316.16904,0.0,15.0,laguardia,40.7769,-73.874
2025-01-30 11:00:00+00:00,-6.05,52.10488,-10.816288,0.0,0.0,0.02,8.37532,298.21725,0.0,2.0,laguardia,40.7769,-73.874
2025-01-30 12:00:00+00:00,-6.45,53.50222,-10.848025,0.0,0.0,0.02,5.8298883,278.88058,0.0,8.0,laguardia,40.7769,-73.874
2025-01-30 13:00:00+00:00,-4.2,45.297607,-8.747617,0.0,0.0,0.02,6.87779,276.0089,0.0,1.0,laguardia,40.7769,-73.874
2025-01-30 14:00:00+00:00,-3.15,43.269314,-7.9258127,0.0,0.0,0.02,8.604301,285.78082,0.0,3.0,laguardia,40.7769,-73.874
2025-01-30 15:00:00+00:00,-2.2,40.162285,-7.5152235,0.0,0.0,0.02,12.283599,304.85452,1.0,20.0,laguardia,40.7769,-73.874
2025-01-30 16:00:00+00:00,-1.45,39.104443,-6.461854,0.0,0.0,0.02,10.3480425,283.0693,0.0,6.0,laguardia,40.7769,-73.874
2025-01-30 17:00:00+00:00,-0.4,38.95689,-5.63918,0.0,0.0,0.02,12.295462,287.90454,0.0,9.0,laguardia,40.7769,-73.874
2025-01-30 18:00:00+00:00,0.25,40.758904,-4.640026,0.0,0.0,0.02,10.435344,284.99512,1.0,20.0,laguardia,40.7769,-73.874
2025-01-30 19:00:00+00:00,0.6,41.854294,-3.8250194,0.0,0.0,0.02,7.5685663,295.34613,0.0,11.0,laguardia,40.7769,-73.874
2025-01-30 20:00:00+00:00,0.8,43.436375,-3.7078433,0.0,0.0,0.02,8.473393,257.73523,3.0,89.0,laguardia,40.7769,-73.874
2025-01-30 21:00:00+00:00,0.7,46.779682,-3.9565282,0.0,0.0,0.02,9.957108,229.39879,3.0,97.0,laguardia,40.7769,-73.874
2025-01-30 22:00:00+00:00,-0.4,57.38726,-4.1720805,0.0,0.0,0.02,4.8433046,221.98714,3.0,100.0,laguardia,40.7769,-73.874
2025-01-30 23:00:00+00:00,-0.9,60.21253,-4.60142,0.0,0.0,0.02,4.452954,165.96373,3.0,100.0,laguardia,40.7769,-73.874
2025-01-31 00:00:00+00:00,-0.95,61.37379,-4.658274,0.0,0.0,0.02,4.6277857,166.50426,3.0,100.0,laguardia,40.7769,-73.874
2025-01-31 01:00:00+00:00,-0.6,50.402794,-4.824533,0.0,0.0,0.02,6.854195,150.06857,3.0,100.0,laguardia,40.7769,-73.874
2025-01-31 02:00:00+00:00,-0.05,49.5814,-4.553724,0.0,0.0,0.02,8.936778,170.72748,3.0,100.0,laguardia,40.7769,-73.874
2025-01-31 03:00:00+00:00,0.85,62.768272,-3.5063596,0.0,0.0,0.02,10.453957,182.96088,3.0,100.0,laguardia,40.7769,-73.874
2025-01-31 04:00:00+00:00,1.25,67.02394,-3.0984952,0.0,0.0,0.02,11.362834,183.63287,3.0,100.0,laguardia,40.7769,-73.874
2025-01-31 05:00:00+00:00,1.75,73.40468,-2.42071,0.0,0.0,0.02,11.588701,186.24182,3.0,100.0,laguardia,40.7769,-73.874
2025-01-31 06:00:00+00:00,1.85,78.746994,-1.9207802,0.0,0.0,0.02,9.82279,193.78162,3.0,100.0,laguardia,40.7769,-73.874
2025-01-31 07:00:00+00:00,1.55,81.94298,-1.7330704,0.0,0.0,0.02,6.7205353,200.37651,3.0,100.0,laguardia,40.7769,-73.874
2025-01-31 08:00:00+00:00,1.75,83.480385,-1.3803315,0.0,0.0,0.02,6.12,208.07239,3.0,100.0,laguardia,40.7769,-73.874
2025-01-31 09:00:00+00:00,2.5,82.069824,-0.88106585,0.0,0.0,0.02,8.3520775,217.11694,3.0,100.0,laguardia,40.7769,-73.874
2025-01-31 10:00:00+00:00,2.9,83.92455,-0.7614341,0.4,0.0,0.02,11.019764,218.36752,51.0,100.0,laguardia,40.7769,-73.874
2025-01-31 11:00:00+00:00,2.95,88.905846,-0.7665634,0.5,0.0,0.02,12.348051,216.70294,53.0,100.0,laguardia,40.7769,-73.874
2025-01-31 12:00:00+00:00,2.9,91.48678,-0.46014428,0.2,0.0,0.02,10.310402,225.70723,51.0,100.0,laguardia,40.7769,-73.874
2025-01-31 13:00:00+00:00,2.5,92.449615,-0.43456984,0.3,0.0,0.02,7.10031,210.46547,51.0,100.0,laguardia,40.7769,-73.874
2025-01-31 14:00:00+00:00,2.85,93.46658,0.088318825,0.2,0.0,0.02,6.5024605,184.76355,51.0,100.0,laguardia,40.7769,-73.874
2025-01-31 15:00:00+00:00,3.0,95.833244,0.67068195,1.0,0.0,0.02,4.143911,177.5105,55.0,100.0,laguardia,40.7769,-73.874
2025-01-31 16:00:00+00:00,3.7,96.87778,1.6493306,1.2,0.0,0.02,3.3092597,202.38017,55.0,100.0,laguardia,40.7769,-73.874
2025-01-31 17:00:00+00:00,4.35,95.20546,1.989358,0.1,0.0,0.02,5.9617786,298.88647,51.0,100.0,laguardia,40.7769,-73.874
2025-01-31 18:00:00+00:00,5.3,93.59089,3.2900853,0.1,0.0,0.01,4.510787,241.38963,51.0,100.0,laguardia,40.7769,-73.874
2025-01-31 19:00:00+00:00,5.7,94.265945,3.7931538,0.8,0.0,0.01,4.510787,241.38963,53.0,100.0,laguardia,40.7769,-73.874
2025-01-31 20:00:00+00:00,5.35,96.91852,3.43855,0.1,0.0,0.01,4.613762,200.55612,51.0,100.0,laguardia,40.7769,-73.874
2025-01-31 21:00:00+00:00,5.25,97.254524,3.1670704,0.1,0.0,0.01,5.7176566,241.8215,51.0,100.0,laguardia,40.7769,-73.874
2025-01-31 22:00:00+00:00,4.9,96.56915,2.7665606,0.4,0.0,0.01,5.426933,185.7105,51.0,100.0,laguardia,40.7769,-73.874
2025-01-31 23:00:00+00:00,4.8,97.92713,2.5319185,1.1,0.0,0.01,6.489992,160.55988,55.0,100.0,laguardia,40.7769,-73.874
2025-02-01 00:00:00+00:00,4.7,97.58346,2.499627,1.3,0.0,0.01,5.815978,201.80147,61.0,100.0,laguardia,40.7769,-73.874
2025-02-01 01:00:00+00:00,5.9,97.94524,3.4501238,0.8,0.0,0.01,9.335737,213.9965,53.0,100.0,laguardia,40.7769,-73.874
2025-02-01 02:00:00+00:00,5.8,97.943596,3.4269972,0.6,0.0,0.01,8.65873,226.68465,53.0,100.0,laguardia,40.7769,-73.874
2025-02-01 03:00:00+00:00,5.85,97.26758,3.1536489,1.4,0.0,0.01,10.8015,246.42528,61.0,100.0,laguardia,40.7769,-73.874
